Source,Target,Source Tier,Target Tier
Zf Passive Safety Czech S.R.O,Vinfast Trading And Production JSC,Tier 2,Tier 1
Continental Temic Electronics Phil,Vinfast Trading And Production JSC,Tier 2,Tier 1
Tracetronic GmbH,Vinfast Trading And Production JSC,Tier 2,Tier 1
Oymak Otomotiv Sanayi Ve Ticaret A.S.,Vinfast . Mfg. And Trading Co. Ltd.,Tier 2,Tier 1
Rp Group Ltd.,Vinfast . Mfg. And Trading Co. Ltd.,Tier 2,Tier 1
Faurecia Emissions Control Technologies Germany GmbH,Vinfast Trading And Production JSC,Tier 2,Tier 1
Cong Ty Tnhh Atarih Precision (Vietnam),Vinfast . Mfg. And Trading Co. Ltd.,Tier 2,Tier 1
Luxor Lighting S.A.S.,Vinfast . Mfg. And Trading Co. Ltd.,Tier 2,Tier 1
Mogultech International,Vinfast Trading And Production JSC,Tier 2,Tier 1
Advanced Comfort Systems Shanghai Co. Ltd.,Vinfast Trading And Production JSC,Tier 2,Tier 1
Tyco Electronics Singapore,Vinfast . Mfg. And Trading Co. Ltd.,Tier 2,Tier 1
Jiangxi Rongcheng Machinery Mfg. Co. Ltd.,Vinfast Trading And Production JSC,Tier 2,Tier 1
Itw India Private Ltd.,Vinfast . Mfg. And Trading Co. Ltd.,Tier 2,Tier 1
Amphenol Omniconnect India Private Ltd.,CATL,Tier 1,CATL
Orbit Fastener Co. Ltd.,Vinfast . Mfg. And Trading Co. Ltd.,Tier 2,Tier 1
Aditya Auto Products & Engineering (India) Pvt. Ltd.,Vinfast . Mfg. And Trading Co. Ltd.,Tier 2,Tier 1
Yingkou Zeda Technology,CATL,Tier 1,CATL
Precision Automation Robotics India Ltd.,Vinfast Trading And Production Llc,Tier 2,Tier 1
Omr Bagla Automotive Systems India,Vinfast Trading And Production Ltd. Liability Co.,Tier 2,Tier 1
Ningde Xin Wangda Industrial Co. Ltd.,CATL,Tier 1,CATL
Advanced Nano Products Co. Ltd.,Vinfast . Mfg. And Trading Co. Ltd.,Tier 2,Tier 1
Digikey Electronics,Vinfast Trading And Production JSC,Tier 2,Tier 1
Leoch Battery (Jiangsu) Corp.,Vinfast Trading And Production JSC,Tier 2,Tier 1
Bahattin Dogan Oto Kilit Ve Yed Par San Tic Ltd. Sti,Vinfast Trading And Production JSC,Tier 2,Tier 1
Horchani Dattes,CATL,Tier 1,CATL
Kapjin Co. Ltd.,Vinfast . Mfg. And Trading Co. Ltd.,Tier 2,Tier 1
Fev China Co. Ltd.,Vinfast Trading And Production JSC,Tier 1,Tier 1
Continental Holding China,Vinfast . Mfg. And Trading Co. Ltd.,Tier 2,Tier 1
Kunquer Shanghai Co. Ltd.,Vinfast . Mfg. And Trading Co. Ltd.,Tier 2,Tier 1
Shenzhen Peak Emperor Scitech Development Co. Ltd.,Vinfast . Mfg. And Trading Co. Ltd.,Tier 2,Tier 1
Emas Elektroteknik Makina Sanayi Ve Ticaret Anonim Sirketi,Vinfast Trading And Production JSC,Tier 2,Tier 1
BTR New Energy Materials Inc.,CATL,Tier 1,CATL
Springfix GmbH,Vinfast Trading And Production JSC,Tier 2,Tier 1
Zhejiang Chint Automotive Technology Co. Ltd.,Vinfast . Mfg. And Trading Co. Ltd.,Tier 2,Tier 1
Guangzhou Jinghua Precision Optics Co. Ltd.,Vinfast Trading And Production JSC,Tier 2,Tier 1
Shanghai Xiangshang Imp.&Exp. Co. Ltd.,Vinfast Trading And Production JSC,Tier 2,Tier 1
Henniges Automotive GmbH & Co. Kg,Vinfast Trading And Production JSC,Tier 2,Tier 1
Binder Slovakia Sro,Vinfast Trading And Production JSC,Tier 2,Tier 1
Depu Electronics Co. Ltd.,Vinfast Trading And Production JSC,Tier 2,Tier 1
Ge Aviation Systems Australia (Pty) Ltd.,CATL,Tier 1,CATL
Genius Instruments Co. Ltd.,Vinfast Trading And Production JSC,Tier 2,Tier 1
Posco Future M Co. Ltd.,Vinfast . Mfg. And Trading Co. Ltd.,Tier 2,Tier 1
Dsa Daten Und Systemtechnik GmbH,Vinfast . Mfg. And Trading Co. Ltd.,Tier 2,Tier 1
Cong Ty Tnhh Curious Seiki Vietnam,Vinfast Trading And Production JSC,Tier 2,Tier 1
Qh Talbros Private Ltd.,Vinfast Trading And Production Llc,Tier 2,Tier 1
Minth International Macao Commercial Offshore Ltd.,Vinfast . Mfg. And Trading Co. Ltd.,Tier 2,Tier 1
Johnson Electric Asti Srl,Vinfast Trading And Production JSC,Tier 2,Tier 1
Grupo Antolin India Pvt. Ltd.,Vinfast . Mfg. And Trading Co. Ltd.,Tier 2,Tier 1
Zhuhai Xunfeng Special Plastics Co. Ltd.,Vinfast Trading And Production JSC,Tier 2,Tier 1
Supavut Industry Co. Ltd.,Vinfast Trading And Production JSC,Tier 2,Tier 1
Electro Static Technology An Itw Co.,Vinfast . Mfg. And Trading Co. Ltd.,Tier 2,Tier 1
Hema Exim Ticaret A.S.,Vinfast Trading And Production JSC,Tier 2,Tier 1
Interplex Electronic (Hangzhou) Co. Ltd.,Vinfast Trading And Production JSC,Tier 2,Tier 1
Pi Innovo,Vinfast Trading And Production JSC,Tier 2,Tier 1
Ster Koltuk Sistemleri San Ve Tic A,Vinfast . Mfg. And Trading Co. Ltd.,Tier 2,Tier 1
Suntop Semiconductor,Vinfast Trading And Production JSC,Tier 2,Tier 1
Payeplast Plastik Vakum Form Kalip Tic. Ve San. Ltd. Sti,Vinfast Trading And Production JSC,Tier 2,Tier 1
Topia Co. Ltd.,Vinfast Trading And Production JSC,Tier 2,Tier 1
3 C Test Ltd.,Vinfast Trading And Production JSC,Tier 2,Tier 1
Anhui Heli Industrial Vehicel Imp.,CATL,Tier 1,CATL
Edag Engineering AG,Vinfast Trading And Production JSC,Tier 2,Tier 1
Press Metal International Technology Ltd.,Vinfast Trading And Production JSC,Tier 2,Tier 1
Sanel Sanayi Elektronigi Imalat Ve Ticaret A.S.,Vinfast Trading And Production JSC,Tier 2,Tier 1
Elring Klinger AG,Vinfast . Mfg. And Trading Co. Ltd.,Tier 2,Tier 1
Vinfast Germany GmbH,Vinfast . Mfg. And Trading Co. Ltd.,Tier 2,Tier 1
Brembo North America Inc.,Vinfast Trading And Production JSC,Tier 2,Tier 1
Bwi,Vinfast Trading And Production JSC,Tier 2,Tier 1
Jinzhou Jinheng Automotive Safety System Co. Ltd.,Vinfast Trading And Production JSC,Tier 2,Tier 1
Macnica Cytech Pte. Ltd.,Vinfast . Mfg. And Trading Co. Ltd.,Tier 2,Tier 1
Saco Combimar SpA .,CATL,Tier 1,CATL
Arrow Electronics Asia (S) Pte. Ltd.,Vinfast Trading And Production JSC,Tier 2,Tier 1
Shanxi Zhonghangjinheng Technology Co. Ltd.,Vinfast . Mfg. And Trading Co. Ltd.,Tier 2,Tier 1
Cocodrilo Catle Co. S.A.,CATL,Tier 1,CATL
S. Syndicate Wiper Systems Pvt. Ltd.,Vinfast Trading And Production JSC,Tier 2,Tier 1
Amphenol Advanced Sensors,Vinfast . Mfg. And Trading Co. Ltd.,Tier 2,Tier 1
Shinki Intermobile Ltd. Co.,Vinfast Trading And Production JSC,Tier 2,Tier 1
Amperex Technology Ltd.,CATL,Tier 1,CATL
Mahle Industrial Thermal Systems,Vinfast Trading And Production JSC,Tier 2,Tier 1
Asha Globals,CATL,Tier 1,CATL
Chevrolet Sales (Thailand) Ltd.,Vinfast . Mfg. And Trading Co. Ltd.,Tier 2,Tier 1
Orsan Ticari Arac Sistemleri Ltd. Sti,Vinfast Trading And Production JSC,Tier 2,Tier 1
Exxonmobil Chemical Asia Pacific),Vinfast Trading And Production JSC,Tier 2,Tier 1
Dongguan Qili Power Electronics Co. Ltd.,Vinfast . Mfg. And Trading Co. Ltd.,Tier 2,Tier 1
Te Connectivity Czech S.R.O.,Vinfast Trading And Production JSC,Tier 2,Tier 1
Vadas International Co. Ltd.,Vinfast Trading And Production JSC,Tier 2,Tier 1
Catl Singapore Private Ltd.,CATL,Tier 1,CATL
Lumen Australia (Pty) ) Ltd.,Vinfast Trading And Production JSC,Tier 2,Tier 1
Fev India Private Ltd.,Vinfast Trading And Production JSC,Tier 1,Tier 1
Rayhoo Motor Dies Co. Ltd.,Vinfast . Mfg. And Trading Co. Ltd.,Tier 2,Tier 1
Bizlink (Kunshan) Co . Ltd.,Vinfast Trading And Production JSC,Tier 2,Tier 1
Kpit Technologies Ltd.,Vinfast Trading And Production Llc,Tier 2,Tier 1
Tata Autocomp Systems Ltd.,Vinfast Trading And Production Llc,Tier 2,Tier 1
Cart2 USA Llc,CATL,Tier 1,CATL
Suizhou Wanrui Auto Parts Co. Ltd.,Vinfast Trading And Production JSC,Tier 2,Tier 1
New Development ( Changchun) Auto Control Syste Co. Ltd.,Vinfast Trading And Production JSC,Tier 2,Tier 1
Magna Steyr Automotive Technology Shanghai Ltd.,Vinfast Trading And Production JSC,Tier 2,Tier 1
Mag Ias GmbH,Vinfast . Mfg. And Trading Co. Ltd.,Tier 2,Tier 1
Pimsa Automotive JSC,Vinfast Trading And Production Ltd. Liability Co.,Tier 2,Tier 1
Lenz Kamper GmbH & Co.Kg.,Vinfast Trading And Production JSC,Tier 2,Tier 1
Ruma Naturals Llp,CATL,Tier 1,CATL
Kamax Fasteners S.R.O.,Vinfast Trading And Production JSC,Tier 2,Tier 1
Vinfast Dealer San Francisco #1 Llc,Vinfast Trading And Production JSC,Tier 2,Tier 1
Minth Aapico Thailand Co.,Vinfast . Mfg. And Trading Co. Ltd.,Tier 2,Tier 1
Dayou Ep Co. Ltd.,Vinfast . Mfg. And Trading Co. Ltd.,Tier 2,Tier 1
Unique Sound Co. Ltd.,Vinfast . Mfg. And Trading Co. Ltd.,Tier 2,Tier 1
Driv Automotive Inc.,Vinfast Trading And Production JSC,Tier 2,Tier 1
Fuzhou Fu Chuan Rubber Co. Ltd.,Vinfast Trading And Production JSC,Tier 2,Tier 1
Namyang Nexmo Co. Ltd.,Vinfast Trading And Production JSC,Tier 2,Tier 1
Ningbo Minda Smart Mobility Auto Parts Co. Ltd.,Vinfast . Mfg. And Trading Co. Ltd.,Tier 2,Tier 1
Staubli (HK) Ltd.,Vinfast . Mfg. And Trading Co. Ltd.,Tier 2,Tier 1
Camelot HK Pcb Co.,Vinfast . Mfg. And Trading Co. Ltd.,Tier 2,Tier 1
Methode Electronics India Pvt. Ltd.,Vinfast Trading And Production JSC,Tier 2,Tier 1
Catarc Automotive Test Center,Vinfast Trading And Production JSC,Tier 2,Tier 1
Aapico Hitech Public Co. Ltd.,Vinfast Trading And Production JSC,Tier 2,Tier 1
Cong Ty Tnhh Dien Tu Bosen Vietnam,Vinfast Trading And Production JSC,Tier 2,Tier 1
Daejoo Electronic Materials Co. Ltd.,Vinfast . Mfg. And Trading Co. Ltd.,Tier 2,Tier 1
Hutchinson Wuhan Automotive Rubber Products Co. Ltd.,Vinfast . Mfg. And Trading Co. Ltd.,Tier 2,Tier 1
Cti (Nantong) Automotive Technical Services Co. Ltd.,Vinfast . Mfg. And Trading Co. Ltd.,Tier 2,Tier 1
Chongqing Zite Industry And Trade Co. Ltd.,Vinfast Trading And Production JSC,Tier 2,Tier 1
Elringklinger S.A.U.,Vinfast Trading And Production JSC,Tier 2,Tier 1
Marelli Automotive Components (Guangzhou) Corporation,Vinfast Trading And Production JSC,Tier 2,Tier 1
Sichuan Minnon Technology Development Co. Ltd.,Vinfast Trading And Production JSC,Tier 2,Tier 1
Fuzhou Mingfang Automobile Parts Industry Co. Ltd.,Vinfast Trading And Production JSC,Tier 2,Tier 1
Brawe Spol.S.R.O,Vinfast Trading And Production JSC,Tier 2,Tier 1
Alfa Rubber And Springs Private Ltd.,Vinfast Trading And Production JSC,Tier 2,Tier 1
Ast Technologies Co. Ltd. Fluence Energy Llc,CATL,Tier 1,CATL
Samsung Sdi Energy Malaysia Sdn. Bhd.,Vinfast Trading And Production JSC,Tier 2,Tier 1
Repumag Magnetic Materials Co. Ltd.,Vinfast Trading And Production JSC,Tier 2,Tier 1
Serial Microelectronics Pte,Vinfast Trading And Production JSC,Tier 2,Tier 1
Schneider Electric Log Asia Pte. Ltd.,CATL,Tier 1,CATL
Yongte Electronics Co. Ltd.,Vinfast . Mfg. And Trading Co. Ltd.,Tier 2,Tier 1
Ibs Technology,Vinfast Trading And Production JSC,Tier 2,Tier 1
Futrex Technology,Vinfast Trading And Production JSC,Tier 2,Tier 1
Sanden International (Singapore) Pte. Ltd.,Vinfast Trading And Production JSC,Tier 2,Tier 1
Globallogic India Private Ltd.,Vinfast Trading And Production JSC,Tier 2,Tier 1
Edscha Aapico Automotive Co. Ltd.,Vinfast Trading And Production JSC,Tier 2,Tier 1
Autogen Co. Ltd.,Vinfast Trading And Production JSC,Tier 2,Tier 1
Bohai Trimet Automotive Holding GmbH,Vinfast Trading And Production JSC,Tier 2,Tier 1
Baolong Huf Shanghai Electronics Co. Ltd.,Vinfast Trading And Production JSC,Tier 2,Tier 1
Vinfast Auto Canada Inc. (Viauca),Vinfast Trading And Production Llc,Tier 2,Tier 1
Leeman International (Hongkong) Ltd.,Vinfast . Mfg. And Trading Co. Ltd.,Tier 2,Tier 1
Hunan Fu'an Industrial Co. Ltd.,Vinfast . Mfg. And Trading Co. Ltd.,Tier 2,Tier 1
Quanxing Machining Group Co. Ltd.,Vinfast Trading And Production JSC,Tier 2,Tier 1
Sivanandha Pipe Fittings Ltd.,Yangzhou Finway Energy Tech Co. Lt,Tier 2,Tier 1
We Components Pte. Ltd.,Vinfast Trading And Production JSC,Tier 2,Tier 1
Maxion (Nantong) Wheels Co. Ltd.,Vinfast Trading And Production JSC,Tier 2,Tier 1
Arslan Sunger Ve Plastik San.Tic. Ltd.Sti,Vinfast Trading And Production JSC,Tier 2,Tier 1
Hongfa Electroacoustic (Hongkong),Vinfast Trading And Production JSC,Tier 2,Tier 1
Tti,Vinfast Trading And Production JSC,Tier 2,Tier 1
Sumeeko Industries Co. Ltd.,Vinfast Trading And Production JSC,Tier 2,Tier 1
Huf India Pvt. Ltd.,Vinfast . Mfg. And Trading Co. Ltd.,Tier 2,Tier 1
ITW Automotive Products GmbH & Co. KG,Vinfast Trading And Production JSC,Tier 2,Tier 1
Liuzhou Arays Technology Co. Ltd.,Vinfast Trading And Production JSC,Tier 2,Tier 1
Suspa Pneumatics India Private Ltd.,Vinfast . Mfg. And Trading Co. Ltd.,Tier 2,Tier 1
Atlas Copco Thailand,Vinfast . Mfg. And Trading Co. Ltd.,Tier 2,Tier 1
Sas Luxor Lighting,Vinfast Trading And Production JSC,Tier 2,Tier 1
Wuxi Top&V Control Cable Co. Ltd.,Vinfast Trading And Production JSC,Tier 2,Tier 1
Ti Group Automotive Systems,Vinfast Trading And Production JSC,Tier 2,Tier 1
Keiper (Changshu) Seating Mechanisms Co. Ltd.,Vinfast Trading And Production JSC,Tier 2,Tier 1
Cong Ty Trach Nhiem Huu Han Meihotech Vietnam,Vinfast Trading And Production JSC,Tier 2,Tier 1
Mann + Hummel France S.A.S.,Vinfast Trading And Production JSC,Tier 2,Tier 1
Zhejiang Sitis Technology Co. Ltd.,Vinfast . Mfg. And Trading Co. Ltd.,Tier 2,Tier 1
Coilcraft Inc.,Vinfast . Mfg. And Trading Co. Ltd.,Tier 2,Tier 1
Jiangxi Jiangling Motors Imp. & Exp. Co. Ltd.,Vinfast Trading And Production JSC,Tier 2,Tier 1
Zhejiang Pinde Automobile System Co. Ltd.,Vinfast . Mfg. And Trading Co. Ltd.,Tier 2,Tier 1
Virbac Animal Health India Private Ltd.,CATL,Tier 1,CATL
Mahle Behr Service America Llc,Vinfast Trading And Production JSC,Tier 2,Tier 1
Yubei Steering System Xinxiang Co L,Vinfast Trading And Production JSC,Tier 2,Tier 1
Vector Infomatik GmbH,Vinfast Trading And Production JSC,Tier 2,Tier 1
Cameron Mfg. (India) Private Ltd.,CATL,Tier 1,CATL
Air International Thermal Systems (Thailand) Ltd.,Vinfast Trading And Production JSC,Tier 2,Tier 1
Imat Uve GmbH,Vinfast Trading And Production JSC,Tier 2,Tier 1
Bharat Forge Ltd.,Vinfast Trading And Production JSC,Tier 2,Tier 1
Zhuahi Inpower Electric,Vinfast . Mfg. And Trading Co. Ltd.,Tier 2,Tier 1
Saint Gobain Sekurit Automotive Nlazing (Shanghai) Co. Ltd.,Vinfast Trading And Production JSC,Tier 2,Tier 1
Oloid Energy Technology Taizhou Co.,CATL,Tier 1,CATL
Hefei Shengtaike Automotive Electronics Co. Ltd.,Vinfast . Mfg. And Trading Co. Ltd.,Tier 2,Tier 1
Syndicate Wiper System P Ltd.,Vinfast Trading And Production Llc,Tier 2,Tier 1
Young Min Hi Tech Co . Ltd.,Vinfast . Mfg. And Trading Co. Ltd.,Tier 2,Tier 1
Faurecia Interiors,Vinfast Trading And Production JSC,Tier 2,Tier 1
Gotion Inc.,Vinfast . Mfg. And Trading Co. Ltd.,Tier 2,Tier 1
Oke Plastic (Zhangjiagang) Co. Ltd.,Vinfast . Mfg. And Trading Co. Ltd.,Tier 2,Tier 1
Dayou Ep Ltd. Co.,Vinfast Trading And Production JSC,Tier 2,Tier 1
Mahle Behr Service GmbH,Vinfast Trading And Production JSC,Tier 2,Tier 1
Medskin Solutions Dr Suwelack AG,CATL,Tier 1,CATL
Benecke Changshun Eco Trim (Changzhou) Co. Ltd.,Vinfast . Mfg. And Trading Co. Ltd.,Tier 2,Tier 1
Foresight Offshore Drilling Ltd. S A,CATL,Tier 1,CATL
Sdaac Automotive Air Conditioning,Vinfast . Mfg. And Trading Co. Ltd.,Tier 2,Tier 1
Yaziyan Technology Co. Ltd.,Vinfast . Mfg. And Trading Co. Ltd.,Tier 2,Tier 1
Texas Instruments Taiwan Ltd. Scg,Vinfast Trading And Production JSC,Tier 2,Tier 1
Aptiv Malaysia Sdn Bhd,Vinfast . Mfg. And Trading Co. Ltd.,Tier 2,Tier 1
Sainath Exp.,CATL,Tier 1,CATL
Chongqing Jingle Electronic Technology Co. Ltd.,Vinfast . Mfg. And Trading Co. Ltd.,Tier 2,Tier 1
Shinheung Automotive Co. Ltd.,Vinfast Trading And Production JSC,Tier 2,Tier 1
Ningbo Yinshang Trading Co. Ltd.,Vinfast Trading And Production JSC,Tier 2,Tier 1
Mobese Electronics,Vinfast . Mfg. And Trading Co. Ltd.,Tier 2,Tier 1
Iee(Lanfang) Electronics&Engineering Co. Ltd.,Vinfast . Mfg. And Trading Co. Ltd.,Tier 2,Tier 1
H J Metal Craft Private Ltd.,CATL,Tier 1,CATL
Seagate Singapore Iho P L Greys,CATL,Tier 1,CATL
Hebei Longgu Auto Parts Imp.&Exp.,Vinfast . Mfg. And Trading Co. Ltd.,Tier 2,Tier 1
Kalyani Technoforge Ltd.,Vinfast Trading And Production Ltd. Liability Co.,Tier 2,Tier 1
L & L Products Of China.,Vinfast Trading And Production JSC,Tier 2,Tier 1
Tianjin Kaida Science And Technology Co. Ltd.,Vinfast . Mfg. And Trading Co. Ltd.,Tier 2,Tier 1
Dongguan Ditai Plastic Product,Vinfast . Mfg. And Trading Co. Ltd.,Tier 2,Tier 1
Gf Casting Solutions Altenmarkt,Vinfast Trading And Production JSC,Tier 2,Tier 1
Kvaser Hongkong,Vinfast Trading And Production JSC,Tier 2,Tier 1
Tuv Sud Certification And Testing (China) Co. Ltd. Shanghai Branch,Vinfast Trading And Production JSC,Tier 2,Tier 1
Turna Ahsap Insaat Industry And Trade Ltd. Co.,Vinfast Trading And Production Llc,Tier 2,Tier 1
Ceat Ltd.,Vinfast Trading And Production Llc,Tier 2,Tier 1
Nantong Tongrun Auto Accesory,Vinfast . Mfg. And Trading Co. Ltd.,Tier 2,Tier 1
Suntop Semiconductor Co. Ltd.,Vinfast Trading And Production JSC,Tier 2,Tier 1
Avnet Asia Pte. Ltd.,Vinfast . Mfg. And Trading Co. Ltd.,Tier 2,Tier 1
Dixien Llc,Vinfast Trading And Production JSC,Tier 2,Tier 1
Idiada Automotive Technology,Vinfast Trading And Production JSC,Tier 2,Tier 1
Quadrep Marketing (S) Pte. Ltd.,Vinfast . Mfg. And Trading Co. Ltd.,Tier 2,Tier 1
PT . Aptiv Components Indonesia,Vinfast . Mfg. And Trading Co. Ltd.,Tier 2,Tier 1
Kyi International Co. Ltd.,Vinfast . Mfg. And Trading Co. Ltd.,Tier 2,Tier 1
Lenso Wheel Co. Ltd.,Vinfast . Mfg. And Trading Co. Ltd.,Tier 2,Tier 1
Haycarb Plc,Vinfast . Mfg. And Trading Co. Ltd.,Tier 2,Tier 1
Continental Automotive Interior (Wuhu) Co. Ltd.,Vinfast . Mfg. And Trading Co. Ltd.,Tier 2,Tier 1
Shenzhen Yaste Tech Co. Ltd.,CATL,Tier 1,CATL
Texas Instruments As Efulfillment,Vinfast Trading And Production JSC,Tier 2,Tier 1
Boyuan Machinery Mfg. Co. Ltd.,Vinfast Trading And Production JSC,Tier 2,Tier 1
Le Champ (South East Asia) Ptr Ltd.,Vinfast . Mfg. And Trading Co. Ltd.,Tier 2,Tier 1
Right Tight Fastners Pvt. Ltd.,Vinfast Trading And Production Llc,Tier 2,Tier 1
Toyota Tsusho Nexty Electronics Singapore Pte,Vinfast Trading And Production JSC,Tier 2,Tier 1
Texon Co. Ltd.,CATL,Tier 1,CATL
Taizhou Huangyan Dedao Die Mfg. Co. Ltd.,Vinfast Trading And Production JSC,Tier 2,Tier 1
Hongfa Electroacoustic (Hongkong) Co. Ltd.,Vinfast . Mfg. And Trading Co. Ltd.,Tier 2,Tier 1
Essys Co. Ltd.,Vinfast . Mfg. And Trading Co. Ltd.,Tier 2,Tier 1
T Iss Safety Supplies B.V,Vinfast Trading And Production JSC,Tier 2,Tier 1
Avl List GmbH,Vinfast . Mfg. And Trading Co. Ltd.,Tier 2,Tier 1
Idiada Automotive Technology S.A.,Vinfast Trading And Production JSC,Tier 2,Tier 1
Albert Handtmann Metallgusswerk,Vinfast . Mfg. And Trading Co. Ltd.,Tier 2,Tier 1
Sumiriko Avs Czech S.R.O,Vinfast Trading And Production JSC,Tier 2,Tier 1
Ster Koltuk Systems Industry And Trade JSC,Vinfast Trading And Production Llc,Tier 2,Tier 1
Shihlin Electric&Eng.Co.,Vinfast Trading And Production JSC,Tier 2,Tier 1
Fluence Energy Llc,CATL,Tier 1,CATL
Shintech Shanghai,Vinfast Trading And Production JSC,Tier 2,Tier 1
Beijingwest Industries (Shanghai) Co. Ltd.,Vinfast Trading And Production JSC,Tier 2,Tier 1
Zf Lemforder Aks Modules Sanayi Vetic. Inc. Co.,Vinfast Trading And Production JSC,Tier 2,Tier 1
Johnson Electric Asti Srl Automotive Pg,Vinfast Trading And Production JSC,Tier 2,Tier 1
Ventra Group,Vinfast Trading And Production Llc,Tier 2,Tier 1
Audio Video Exp. Llc,CATL,Tier 1,CATL
K.D. Feddersen (Thailand) Co. Ltd.,Vinfast . Mfg. And Trading Co. Ltd.,Tier 2,Tier 1
Zhangjiagang Youcheng New Energy Technology Co. Ltd.,Vinfast . Mfg. And Trading Co. Ltd.,Tier 2,Tier 1
Daehan Solution Co. Ltd.,Vinfast Trading And Production JSC,Tier 2,Tier 1
Valeo North America Inc.,Vinfast . Mfg. And Trading Co. Ltd.,Tier 2,Tier 1
Bmd Private Ltd.,Vinfast Trading And Production JSC,Tier 2,Tier 1
Tenergy Co. Ltd.,Vinfast Trading And Production JSC,Tier 2,Tier 1
Gedia Gebruder Dingerkus GmbH,Vinfast Trading And Production JSC,Tier 2,Tier 1
Continental Automotive Components,Vinfast Trading And Production JSC,Tier 2,Tier 1
Wipro Pari Private Ltd.,Vinfast Trading And Production JSC,Tier 2,Tier 1
Ftm Technologies,Vinfast Trading And Production JSC,Tier 2,Tier 1
Zhengzhou Kelin Motor Vehicle Air Conditioning Co. Ltd.,Vinfast Trading And Production JSC,Tier 2,Tier 1
Ideuntech Co. Ltd.,Vinfast Trading And Production JSC,Tier 2,Tier 1
Ppg Coatings (Thailand) Co. Ltd.,Vinfast Trading And Production JSC,Tier 2,Tier 1
Tianjin Golden Wheel Totem Imp. & Exp. . Co. Ltd.,Vinfast . Mfg. And Trading Co. Ltd.,Tier 2,Tier 1
"Semcorp, Yunnan Energy New Material Co. Ltd.",CATL,Tier 1,CATL
Amvian Automotive Private Ltd.,Vinfast Trading And Production Llc,Tier 2,Tier 1
Madras Industrial Products,CATL,Tier 1,CATL
Mann & Hummel Mexico SA De Cv,Vinfast Trading And Production Ltd. Liability Co.,Tier 2,Tier 1
Xingyu Auto Parts Inc.,Vinfast . Mfg. And Trading Co. Ltd.,Tier 2,Tier 1
Shenzhen Dengfenghua Metal Mfg. Co. Ltd.,Vinfast . Mfg. And Trading Co. Ltd.,Tier 2,Tier 1
Tenneco Automotive India Pvt. Ltd.,Vinfast . Mfg. And Trading Co. Ltd.,Tier 2,Tier 1
Kamax S.R.O.,Vinfast . Mfg. And Trading Co. Ltd.,Tier 2,Tier 1
Zhejiang Hangtong Machinery Mfg. Co. Ltd.,Vinfast . Mfg. And Trading Co. Ltd.,Tier 2,Tier 1
Kamax GmbH & Co. Kg,Vinfast Trading And Production JSC,Tier 2,Tier 1
Bossard (M) Sdn. Bhd,Vinfast Trading And Production JSC,Tier 2,Tier 1
Eaton Electric Singapore Pte,CATL,Tier 1,CATL
Lab Care Diagnostics (India) Private Ltd.,CATL,Tier 1,CATL
Teklight Components Private Ltd.,Vinfast Trading And Production Llc,Tier 2,Tier 1
Nexen Tire Corporation,Vinfast Trading And Production JSC,Tier 2,Tier 1
Scherdel GmbH,Vinfast Trading And Production JSC,Tier 2,Tier 1
Taizhou Kaichi International Trade Co. Ltd.,Vinfast Trading And Production JSC,Tier 2,Tier 1
Shanghai Trion Industrial Co. Ltd.,Vinfast Trading And Production JSC,Tier 2,Tier 1
Agroganadera Waggoner Spr De Rl De Cv,CATL,Tier 1,CATL
Digi Key Electronics Co. Ltd.,Vinfast Trading And Production JSC,Tier 2,Tier 1
Marubeni Corporation,Vinfast . Mfg. And Trading Co. Ltd.,Tier 2,Tier 1
Neousys Technology Inc.,Vinfast Trading And Production JSC,Tier 2,Tier 1
Continental Temic Electronics Phil,Vinfast . Mfg. And Trading Co. Ltd.,Tier 2,Tier 1
Gf Casting Solutions Altenmarkt GmbH & Co. Kg,Vinfast Trading And Production JSC,Tier 2,Tier 1
Ciael Singapore Pte. Ltd.,CATL,Tier 1,CATL
Bosch Global Software Technologies Private Li,Vinfast Trading And Production Llc,Tier 2,Tier 1
Arcelormittal Flat Carbon,Vinfast Trading And Production JSC,Tier 2,Tier 1
Wawasan Agrolipids Sdn Bhd,CATL,Tier 1,CATL
Mouse Electronics,Vinfast Trading And Production JSC,Tier 2,Tier 1
Gopalam Embedded Systems Pte,Vinfast Trading And Production JSC,Tier 2,Tier 1
Avnet Asia Pte,Vinfast Trading And Production JSC,Tier 2,Tier 1
Cong Ty Tnhh Nishoku Technology Vietnam,Vinfast Trading And Production JSC,Tier 2,Tier 1
Asia Pacific Elite Corp,Vinfast . Mfg. And Trading Co. Ltd.,Tier 2,Tier 1
Kinglong New Energy Technology Changzhou Co. Ltd.,CATL,Tier 1,CATL
Lumantek Co. Ltd.,Vinfast . Mfg. And Trading Co. Ltd.,Tier 2,Tier 1
Pelzer De Mexico S.A. De C.V.,Vinfast Trading And Production Llc,Tier 2,Tier 1
Rhythmsoft Robotics & Automation Pvt. Ltd.,Vinfast . Mfg. And Trading Co. Ltd.,Tier 2,Tier 1
Arkema (Changshu) Fluorochemical Co. Ltd.,Vinfast Trading And Production JSC,Tier 2,Tier 1
Lear Automotive Interior Materials,Vinfast Trading And Production JSC,Tier 2,Tier 1
Dercz Global Solutions Co. Ltd.,Vinfast Trading And Production JSC,Tier 2,Tier 1
Stackpole Technology,Vinfast Trading And Production JSC,Tier 2,Tier 1
Nhk Spring India Ltd.,Vinfast Trading And Production Llc,Tier 2,Tier 1
Harbin Goodtime Electronic Co. Ltd.,Vinfast . Mfg. And Trading Co. Ltd.,Tier 2,Tier 1
Hoeckle Austria GmbH,Vinfast Trading And Production JSC,Tier 2,Tier 1
Payeplast Plast.Vakum Form Mold Ticve San. Ltd.Sti.,Vinfast Trading And Production Ltd. Liability Co.,Tier 2,Tier 1
Shanghai Chenju Co. Ltd.,Vinfast . Mfg. And Trading Co. Ltd.,Tier 2,Tier 1
Guangdong Magna Automotive Mir,Vinfast Trading And Production JSC,Tier 2,Tier 1
Ameya Holding Ltd.,Vinfast Trading And Production JSC,Tier 2,Tier 1
Samsung Sdi Co. Ltd.,Vinfast Trading And Production JSC,Tier 2,Tier 1
Digikey Electronics,Vinfast . Mfg. And Trading Co. Ltd.,Tier 2,Tier 1
Ficosa International (Taicang) Co. Ltd.,Vinfast Trading And Production JSC,Tier 2,Tier 1
Jiangsu Riying Electronics Co. Ltd.,Vinfast Trading And Production JSC,Tier 2,Tier 1
Lipers Enterprise Co. Ltd.,Vinfast Trading And Production JSC,Tier 2,Tier 1
Interparcel (Pty) Ltd.,Vinfast Trading And Production JSC,Tier 2,Tier 1
Suzhou Alutech Automotive Parts,Vinfast Trading And Production JSC,Tier 2,Tier 1
Strength Touchening New Material (Shanghai) Co. Ltd.,Vinfast Trading And Production JSC,Tier 2,Tier 1
United Rubber Industries (India) Private Ltd.,Vinfast Trading And Production Llc,Tier 2,Tier 1
Ningbo Yongjia Auto Parts Co. Ltd.,Vinfast Trading And Production JSC,Tier 2,Tier 1
Idiada Automotive Technology SA,Vinfast Trading And Production JSC,Tier 2,Tier 1
Chevrolet Sales India Private Ltd.,Vinfast Trading And Production Llc,Tier 2,Tier 1
Guangzhou Jinghua Precision Optics Co. Ltd.,Vinfast . Mfg. And Trading Co. Ltd.,Tier 2,Tier 1
Qingdao Carflex Auto Parts Co. Ltd.,Vinfast Trading And Production JSC,Tier 2,Tier 1
New Energy Inspection (Shenzhen) Co. Ltd.,Vinfast . Mfg. And Trading Co. Ltd.,Tier 2,Tier 1
Wrsi De Mexico S De Rl De Cv,Vinfast Trading And Production JSC,Tier 2,Tier 1
Top Material Co. Ltd.,Vinfast Trading And Production JSC,Tier 2,Tier 1
Digi Key Corporation,Vinfast . Mfg. And Trading Co. Ltd.,Tier 2,Tier 1
Gustav Magenwirth GmbH Co. Kg,Vinfast Trading And Production JSC,Tier 2,Tier 1
Renesas Design Germany GmbH,Vinfast . Mfg. And Trading Co. Ltd.,Tier 2,Tier 1
Aquafine Kolkata,CATL,Tier 1,CATL
Kistler Instruments (Pte ) Ltd.,Vinfast . Mfg. And Trading Co. Ltd.,Tier 2,Tier 1
Fev North America Inc.,Vinfast . Mfg. And Trading Co. Ltd.,Tier 2,Tier 1
Btr New Material Group Co . Ltd.,Vinfast Trading And Production JSC,Tier 2,Tier 1
Kolb Design Technology GmbH&Co,Vinfast Trading And Production JSC,Tier 2,Tier 1
Guangzhou Imasen Electric Industrial Co. Ltd.,Vinfast Trading And Production JSC,Tier 2,Tier 1
Quanta Computer Inc.,Vinfast Trading And Production JSC,Tier 2,Tier 1
Rco Engineering Inc.,Vinfast Trading And Production JSC,Tier 2,Tier 1
Dongwha Electrolyte Malaysia Sdn. Bhd.,Vinfast Trading And Production JSC,Tier 2,Tier 1
Contemporary Amperex Technology Co. Ltd.,Vinfast . Mfg. And Trading Co. Ltd.,Tier 1,Tier 1
Denso Corporation (Daian Plant),Vinfast Trading And Production JSC,Tier 2,Tier 1
Mahle Behr Mexico S De Rl De Cv,Vinfast Trading And Production JSC,Tier 2,Tier 1
Wenzhou Zhongye Communication Electric Apparatus Co. Ltd.,Vinfast Trading And Production JSC,Tier 2,Tier 1
Atlas Copco (Thailand) Ltd.,Vinfast Trading And Production JSC,Tier 2,Tier 1
Anhui Shenghuabo Auto Electric Co. Ltd.,Vinfast . Mfg. And Trading Co. Ltd.,Tier 2,Tier 1
Jui Li Edscha Hainan Industry Enterprise Co. Ltd.,Vinfast Trading And Production JSC,Tier 2,Tier 1
Webasto Charging Systems Inc.,Vinfast Trading And Production JSC,Tier 2,Tier 1
Qingdao Nexentire Corporation,Vinfast Trading And Production JSC,Tier 2,Tier 1
Cong Ty Tnhh Youngjin Ast Vina,Ace Antenna Co. Ltd.,Tier 3,Tier 2
Vt Eivolt Technology Co. Ltd.,Vinfast Trading And Production JSC,Tier 2,Tier 1
Meritor Electric Vehicles Germany GmbH,Vinfast . Mfg. And Trading Co. Ltd.,Tier 2,Tier 1
Shenzhen Yuanxin Electric,Vinfast Trading And Production JSC,Tier 2,Tier 1
Namyang Industries Co. Ltd.,Vinfast Trading And Production JSC,Tier 2,Tier 1
Shenzhen Starmax Energy Technology Co. Ltd.,CATL,Tier 1,CATL
Agle Intelligent Technology (Guang Dong) Co. Ltd.,Vinfast Trading And Production JSC,Tier 2,Tier 1
Zf Passive Safety System,Vinfast Trading And Production JSC,Tier 2,Tier 1
Jinzhou Jinheng Automotive Safety System Co. Ltd.,Vinfast . Mfg. And Trading Co. Ltd.,Tier 2,Tier 1
Chtc Hengrui Automotive Technology Co. Ltd.,CATL,Tier 1,CATL
Rosenberger Electronic Co (India) Pvt. Ltd.,Vinfast Trading And Production JSC,Tier 2,Tier 1
Futuretech Components Ltd.,Vinfast Trading And Production JSC,Tier 2,Tier 1
Hutchinson Poland Sp. Z O.O.,Vinfast Trading And Production JSC,Tier 2,Tier 1
Fft Produktionssysteme GmbH & Co.Kg,Vinfast . Mfg. And Trading Co. Ltd.,Tier 2,Tier 1
Shinki Intermobile Co. Ltd.,Vinfast Trading And Production JSC,Tier 2,Tier 1
Huanqiutong E Commerce Co. Ltd.,Vinfast . Mfg. And Trading Co. Ltd.,Tier 2,Tier 1
Navitasys India Private Ltd.,Dongguan Poweramp Technology Ltd.,Tier 2,Tier 1
Mahle Industrial Thermal Systems,Vinfast . Mfg. And Trading Co. Ltd.,Tier 2,Tier 1
Brose Fahrzeugteile Se & Co.Kg Bamberg,Vinfast Trading And Production JSC,Tier 2,Tier 1
Lumen Australia (Pty) ) Ltd.,Vinfast . Mfg. And Trading Co. Ltd.,Tier 2,Tier 1
Zhejiang Luoshi Vibration Control Co. Ltd.,Vinfast Trading And Production JSC,Tier 2,Tier 1
Vinfast Trading And Production Llc,CATL,Tier 1,CATL
United Rubber Industries (India) Pvt. Ltd.,Vinfast Trading And Production JSC,Tier 2,Tier 1
Win Source Electronic Technology Ltd.,Vinfast Trading And Production JSC,Tier 2,Tier 1
Zhejiang Xingpu Automotive Technology Co. Ltd.,Vinfast . Mfg. And Trading Co. Ltd.,Tier 2,Tier 1
Shanghai Double E Industrial Co. Ltd.,Vinfast Trading And Production JSC,Tier 2,Tier 1
Perry Supply Inc.,CATL,Tier 1,CATL
New Development ( Changchun) Auto Control Syste Co. Ltd.,Vinfast . Mfg. And Trading Co. Ltd.,Tier 2,Tier 1
Fastenex Private Ltd. (Plant 1),Vinfast Trading And Production JSC,Tier 2,Tier 1
Teknorot Otomotiv Urunleri San.Ve T,Vinfast Trading And Production JSC,Tier 2,Tier 1
Carl Zeiss Industrielle Messtechnik GmbH,Vinfast Trading And Production JSC,Tier 2,Tier 1
Go Green Exp. (Pvt) Ltd.,CATL,Tier 1,CATL
Ningbo Get Win International,CATL,Tier 1,CATL
Shanghai Linden Autotech Co. Ltd.,Vinfast Trading And Production JSC,Tier 2,Tier 1
Air International Ttr Thermal Systems Private Ltd.,Vinfast Trading And Production Llc,Tier 2,Tier 1
Otto Spanner GmbH,Vinfast Trading And Production JSC,Tier 2,Tier 1
Kamax Fasteners S.R.O.,Vinfast . Mfg. And Trading Co. Ltd.,Tier 2,Tier 1
Contemporary Amperex Technology (Hong Kong) Ltd.,CATL,Tier 1,CATL
Eberspaecher Automotive Technology( Beijing) Co. Ltd. Tianjin Branch,Vinfast Trading And Production JSC,Tier 2,Tier 1
Behr Hella Thermocontrol India Pvt. Ltd.,Vinfast Trading And Production Ltd. Liability Co.,Tier 2,Tier 1
Shanghai Songrong Industrial Development Co. Ltd.,Vinfast Trading And Production JSC,Tier 2,Tier 1
Fuzhou Fu Chuan Rubber Co. Ltd.,Vinfast . Mfg. And Trading Co. Ltd.,Tier 2,Tier 1
Shenzhen Nick Optoelectronic Technology Co. Ltd.,Vinfast Trading And Production JSC,Tier 2,Tier 1
Gestamp Automotive Chennai Private Ltd.,Vinfast . Mfg. And Trading Co. Ltd.,Tier 2,Tier 1
Aapico Hitech Public Co. Ltd.,Vinfast . Mfg. And Trading Co. Ltd.,Tier 2,Tier 1
Sida Electronics Ltd.,Vinfast Trading And Production JSC,Tier 2,Tier 1
Suzhou Runfeng Network Technology Co. Ltd.,Vinfast Trading And Production JSC,Tier 2,Tier 1
Tianjin Tiande Suspension Systems Co. Ltd.,Vinfast . Mfg. And Trading Co. Ltd.,Tier 2,Tier 1
Royaleg,Vinfast . Mfg. And Trading Co. Ltd.,Tier 2,Tier 1
Chongqing Zite Industry And Trade Co. Ltd.,Vinfast . Mfg. And Trading Co. Ltd.,Tier 2,Tier 1
Federal Mogul Dongsuh (Qingdao) Piston Co. Ltd.,Vinfast Trading And Production JSC,Tier 2,Tier 1
Tuv Sud Certification & Testing,Vinfast Trading And Production JSC,Tier 2,Tier 1
Uwave Technology (HK) Co. Ltd.,Vinfast Trading And Production JSC,Tier 2,Tier 1
Samsung Sdi Energy Malaysia Sdn. Bhd.,Vinfast . Mfg. And Trading Co. Ltd.,Tier 2,Tier 1
Zf Automotive Systems (Shanghai) Co.,Vinfast Trading And Production JSC,Tier 2,Tier 1
Changzhou Ctw Electronics Co. Ltd.,Vinfast Trading And Production JSC,Tier 2,Tier 1
Rochester Electronics Llc,Vinfast Trading And Production JSC,Tier 2,Tier 1
Autoneum (Shenyang) Sound Proof Parts Co. Ltd.,Vinfast Trading And Production JSC,Tier 2,Tier 1
Press Metal International Technology Co. Ltd.,Vinfast Trading And Production JSC,Tier 2,Tier 1
Cong Ty Tnhh Meijitsu Vietnam,Vinfast Trading And Production JSC,Tier 2,Tier 1
Songz International Trading Co. Ltd.,Vinfast Trading And Production JSC,Tier 2,Tier 1
Hubei Henglong & Kyb Automobile Electric Steering System Co. Ltd.,Vinfast Trading And Production JSC,Tier 2,Tier 1
Futrex Technology,Vinfast . Mfg. And Trading Co. Ltd.,Tier 2,Tier 1
Sanden International (Singapore) Pte. Ltd.,Vinfast . Mfg. And Trading Co. Ltd.,Tier 2,Tier 1
Imecar Electronic Industry And Trade Ltd. Co.,CATL,Tier 1,CATL
Edscha Aapico Automotive Co. Ltd.,Vinfast . Mfg. And Trading Co. Ltd.,Tier 2,Tier 1
Nova Technology ( HK) Co. Ltd.,Vinfast Trading And Production JSC,Tier 2,Tier 1
DK Leather Seats Sdn. Bhd.,Vinfast Trading And Production JSC,Tier 2,Tier 1
Autogen Co. Ltd.,Vinfast . Mfg. And Trading Co. Ltd.,Tier 2,Tier 1
Faurecia Innenraum Systeme GmbH,Vinfast Trading And Production JSC,Tier 2,Tier 1
Jiande Wuxing Bicycle Co. Ltd.,Vinfast Trading And Production JSC,Tier 2,Tier 1
Taiyu New Energy Materials ( Changzhou) Co. Ltd.,Vinfast Trading And Production JSC,Tier 2,Tier 1
Hl Klemove (Suzhou) Co. Ltd.,Vinfast Trading And Production JSC,Tier 2,Tier 1
Shenzhen Invispower Technology Co. Ltd.,Vinfast Trading And Production JSC,Tier 2,Tier 1
Trw Automotive Components,Vinfast Trading And Production JSC,Tier 2,Tier 1
Shanghai Idiada Automotive Technology Services Co. Ltd.,Vinfast Trading And Production JSC,Tier 2,Tier 1
Greiner Perfoam GmbH,Vinfast Trading And Production JSC,Tier 2,Tier 1
Guangzhou Kanto Auto Parts Co. Ltd.,Vinfast Trading And Production JSC,Tier 2,Tier 1
Baolong Huf Shanghai Electronics Co. Ltd.,Vinfast . Mfg. And Trading Co. Ltd.,Tier 2,Tier 1
Gruber & Kaja High Tech Metals GmbH,Vinfast . Mfg. And Trading Co. Ltd.,Tier 2,Tier 1
Joyson Safety Systems Acquisition Llc,Vinfast Trading And Production JSC,Tier 2,Tier 1
Dongguan Shangcheng Technology Co.,CATL,Tier 1,CATL
Mag Fahrzeugtechnik,Vinfast . Mfg. And Trading Co. Ltd.,Tier 2,Tier 1
Velocity Electronics Asia Pte . Ltd.,Vinfast Trading And Production JSC,Tier 2,Tier 1
Texas Instruments North America Pdc,Vinfast Trading And Production JSC,Tier 2,Tier 1
Lord (Thailand) Ltd.,Vinfast Trading And Production JSC,Tier 2,Tier 1
SANZ Clima S.L.,Vinfast . Mfg. And Trading Co. Ltd.,Tier 2,Tier 1
Sumeeko Industries Co. Ltd.,Vinfast . Mfg. And Trading Co. Ltd.,Tier 2,Tier 1
Fev Tr Automotive And Energy Research And Engineering Ltd. Co.,Vinfast Trading And Production JSC,Tier 1,Tier 1
Aceinna Transducer Systems Co. Ltd.,Vinfast Trading And Production JSC,Tier 2,Tier 1
Fft Produktionssysteme GmbH And Co.Kg,Vinfast Trading And Production JSC,Tier 2,Tier 1
Rajesh Enterprises (India),CATL,Tier 1,CATL
Aah Czech S.R.O.,Vinfast Trading And Production JSC,Tier 2,Tier 1
Liuzhou Arays Technology Co. Ltd.,Vinfast . Mfg. And Trading Co. Ltd.,Tier 2,Tier 1
Catle S.A. De C.V.,CATL,Tier 1,CATL
I.G. Bauerhin GmbH,Vinfast Trading And Production JSC,Tier 2,Tier 1
Optimas (Suzhou) Trading Co. Ltd.,Vinfast Trading And Production JSC,Tier 2,Tier 1
Methode Electronics (Shanghai) Co. Ltd.,Vinfast Trading And Production JSC,Tier 2,Tier 1
Wuxi Top&V Control Cable Co. Ltd.,Vinfast . Mfg. And Trading Co. Ltd.,Tier 2,Tier 1
Changchun Hella Automotive Lighting Ltd.,Vinfast Trading And Production JSC,Tier 2,Tier 1
Henkel Singapore Pte. Ltd.,Vinfast Trading And Production JSC,Tier 2,Tier 1
Avnet Inc.,Vinfast Trading And Production JSC,Tier 2,Tier 1
Webbing USA Inc.,Vinfast . Mfg. And Trading Co. Ltd.,Tier 2,Tier 1
Vinfast Trading And Production Llc,Fev India Private Ltd.,Tier 1,Tier 1
The U P Industrial Agency,CATL,Tier 1,CATL
Air International Thermal Systems (Thailand) Ltd.,Vinfast . Mfg. And Trading Co. Ltd.,Tier 2,Tier 1
Imat Uve GmbH,Vinfast . Mfg. And Trading Co. Ltd.,Tier 2,Tier 1
Carcoustics Automotive Parts (Langfang) Co. Ltd.,Vinfast Trading And Production JSC,Tier 2,Tier 1
Kohler Automobiltechnik GmbH,Vinfast Trading And Production JSC,Tier 2,Tier 1
Saint Gobain Sekurit Automotive Nlazing (Shanghai) Co. Ltd.,Vinfast . Mfg. And Trading Co. Ltd.,Tier 2,Tier 1
Shenyang Siasun Robot & Automation,Vinfast Trading And Production JSC,Tier 2,Tier 1
Innov Engineering Private Ltd.,CATL,Tier 1,CATL
Jui Li Edscha Body Systems Co. Ltd.,Vinfast Trading And Production JSC,Tier 2,Tier 1
Gujarat Plug In Devices Pvt. Ltd.,Yangzhou Finway Energy Tech Co. Lt,Tier 2,Tier 1
Yabolan (Ruian) Electronic Technology Co. Ltd.,Vinfast Trading And Production JSC,Tier 2,Tier 1
Gold Reach Electronics (Asia) Co. Ltd.,Vinfast Trading And Production JSC,Tier 2,Tier 1
Ems Endustri Mamulleri Sanayi Ve Tic Ltd. Sti,Vinfast Trading And Production JSC,Tier 2,Tier 1
Shenzhen Starmax Energy Technology,CATL,Tier 1,CATL
Alfa Rubber & Spring (P) Ltd.,Vinfast Trading And Production JSC,Tier 2,Tier 1
Mahle Behr Service GmbH,Vinfast . Mfg. And Trading Co. Ltd.,Tier 2,Tier 1
Gaoqi Electronics Co. Ltd. (Vietnam),CATL,Tier 1,CATL
Cosmetech Mably International,CATL,Tier 1,CATL
Rhythmsoft Robotics & Automation Pvt. Ltd.,Vinfast Trading And Production Llc,Tier 2,Tier 1
Tyco Electronics Singapore Pte. Ltd.,Vinfast Trading And Production JSC,Tier 2,Tier 1
Shanghai Dudun Automation Technolog Y Co. Ltd.,Vinfast . Mfg. And Trading Co. Ltd.,Tier 2,Tier 1
Anhui Fuda Automobile Dies Mfg. Co. Ltd.,Vinfast Trading And Production JSC,Tier 2,Tier 1
Guangdong Dajie Intelligent Technology Co. Ltd.,Vinfast . Mfg. And Trading Co. Ltd.,Tier 2,Tier 1
Ifb Automotive Private Ltd.,Vinfast Trading And Production Llc,Tier 2,Tier 1
Facil Fasteners (Changshu) Co. Ltd.,Vinfast Trading And Production JSC,Tier 2,Tier 1
Zhuzhou Yitongda International Trade Co. Ltd.,Vinfast Trading And Production JSC,Tier 2,Tier 1
Federal Mogul Serina Co. Ltd.,Vinfast Trading And Production JSC,Tier 2,Tier 1
Jiangsu Xinri International Trading Co. Ltd.,Vinfast . Mfg. And Trading Co. Ltd.,Tier 2,Tier 1
Lear Automotive Interior Materials (Yangzhou) Co. Ltd.,Vinfast Trading And Production JSC,Tier 2,Tier 1
Suzhou Wanxiang Technology Co. Ltd.,Vinfast Trading And Production JSC,Tier 2,Tier 1
Jeyam Trading Agencies Opc Private Ltd.,CATL,Tier 1,CATL
Mahle De Mexico S. De R.L. De C.V.,Vinfast Trading And Production JSC,Tier 2,Tier 1
Dk Leather Seats Sdn Bhd ( Selangor Malaysia),Vinfast Trading And Production JSC,Tier 2,Tier 1
Vinfast Proving Ground,Vinfast Trading And Production JSC,Tier 2,Tier 1
Universal Apparel Co. Ltd.,CATL,Tier 1,CATL
Simwon Automotive (Changshu) Co. Ltd.,Vinfast Trading And Production JSC,Tier 2,Tier 1
Xiaogan Huagong Gaoli Electron Co L,Vinfast Trading And Production JSC,Tier 2,Tier 1
A Raymond Singapore Pte. Ltd.,Vinfast Trading And Production JSC,Tier 2,Tier 1
Keiper (Changshu) Seating Mechanism,Vinfast Trading And Production JSC,Tier 2,Tier 1
Hubei Hapm Magna Seating System Co. Ltd.,Vinfast Trading And Production JSC,Tier 2,Tier 1
L & L Products Of China.,Vinfast . Mfg. And Trading Co. Ltd.,Tier 2,Tier 1
Toyota Tsusho Nexty Electronics Singapore Pte. Ltd.,Vinfast Trading And Production JSC,Tier 2,Tier 1
Guamgzhou U.N.Intl Trading Co. Ltd.,CATL,Tier 1,CATL
Zf Commercial Vehicle Control Systems India Ltd.,Vinfast Trading And Production JSC,Tier 2,Tier 1
Sona Blw Precision Forgings Ltd.,Vinfast Trading And Production JSC,Tier 2,Tier 1
Knorr Bremse Asia Pacific (Holding) Ltd. Truck Division,Vinfast Trading And Production JSC,Tier 2,Tier 1
Gail (India) Ltd.,CATL,Tier 1,CATL
Xiamen Hongfa Automotive Electronics Co. Ltd.,Vinfast Trading And Production JSC,Tier 2,Tier 1
Linde + Wiemann Se And Co.Kg,Vinfast Trading And Production JSC,Tier 2,Tier 1
Kalyani Technoforge Ltd.,Vinfast Trading And Production JSC,Tier 2,Tier 1
Faurecia Interior (Thailand) Co. Ltd.,Vinfast Trading And Production JSC,Tier 2,Tier 1
Kns Otomotiv San. And Tic. Inc. 2. Osb,Vinfast Trading And Production JSC,Tier 2,Tier 1
Westfalia Presstechnik GmbH Co.,Vinfast Trading And Production JSC,Tier 2,Tier 1
Xingwei Lu (East Of Xianxin Lu) Nanjing Economic,Vinfast Trading And Production JSC,Tier 2,Tier 1
Suntop Semiconductor Co. Ltd.,Vinfast . Mfg. And Trading Co. Ltd.,Tier 2,Tier 1
Esmak Makine San Ve Dis Tic Ltd. Sti,Vinfast Trading And Production JSC,Tier 2,Tier 1
Right Tight Fastners Private Ltd.,Vinfast Trading And Production Llc,Tier 2,Tier 1
Wurth Electronics Singapore Pte. Ltd.,Vinfast Trading And Production JSC,Tier 2,Tier 1
Mogultech International Ltd.,Vinfast Trading And Production JSC,Tier 2,Tier 1
Smith & Associates Far East Ltd.,Vinfast Trading And Production JSC,Tier 2,Tier 1
Itw Korea Llc.,Vinfast . Mfg. And Trading Co. Ltd.,Tier 2,Tier 1
Hong Kong Brunp Catl Ltd.,CATL,Tier 1,CATL
Kayser Automotive Systems S En C,Vinfast Trading And Production Llc,Tier 2,Tier 1
Knack Packaging Private Ltd.,CATL,Tier 1,CATL
Dalian Neusoft Smart Go Ltd.,Vinfast Trading And Production JSC,Tier 2,Tier 1
Ecopro Bm Co. Ltd.,Vinfast . Mfg. And Trading Co. Ltd.,Tier 2,Tier 1
Rng Exporters,CATL,Tier 1,CATL
Saint Gobain Sekurit Thailand Co. Ltd.,Vinfast Trading And Production JSC,Tier 2,Tier 1
Ppg Coatings (Malaysia) Sdn. Bhd.,Vinfast . Mfg. And Trading Co. Ltd.,Tier 2,Tier 1
Hung A Forming Co. Ltd.,Vinfast Trading And Production JSC,Tier 2,Tier 1
Auto Motive Power Inc.,Vinfast Trading And Production JSC,Tier 2,Tier 1
Toyota Tsusho Nexty Electronics Singapore Pte,Vinfast . Mfg. And Trading Co. Ltd.,Tier 2,Tier 1
Boge Elastmetall GmbH,Vinfast Trading And Production JSC,Tier 2,Tier 1
Avl Set GmbH,Vinfast Trading And Production JSC,Tier 2,Tier 1
Mahle Behr Berga GmbH,Vinfast Trading And Production JSC,Tier 2,Tier 1
Changsha Jianke Electronics Co. Ltd.,Vinfast Trading And Production JSC,Tier 2,Tier 1
Altinay Robot Technologies Industry And Trade JSC,CATL,Tier 1,CATL
Zaozhuang Evlithium Electronic Technolog,CATL,Tier 1,CATL
Syndicate Wiper Systems Private Ltd.,Vinfast Trading And Production JSC,Tier 2,Tier 1
Suzhou Tiantong Wei Shi Electronic Ltd.,Vinfast Trading And Production JSC,Tier 2,Tier 1
China Faw Group Import & Export Corporation,CATL,Tier 1,CATL
Atech Automotive (Wuhu) Co. Ltd.,Vinfast Trading And Production JSC,Tier 2,Tier 1
Fev GmbH,Vinfast Trading And Production JSC,Tier 2,Tier 1
Taihang Changqing Automobile Safety System (Suzhou) Co. Ltd.,Vinfast . Mfg. And Trading Co. Ltd.,Tier 2,Tier 1
Koso India Private Ltd.,Vinfast Trading And Production Llc,Tier 2,Tier 1
Beijingwest Industries (Shanghai) Co. Ltd.,Vinfast . Mfg. And Trading Co. Ltd.,Tier 2,Tier 1
Shanghai Gkn Huayu Driveline System,Vinfast Trading And Production JSC,Tier 2,Tier 1
Influx Technology Ltd.,Vinfast Trading And Production JSC,Tier 2,Tier 1
Erdrich Umformtechnik GmbH & Co. KG,Vinfast Trading And Production JSC,Tier 2,Tier 1
Bog Trading Private Ltd.,CATL,Tier 1,CATL
Bmd Private Ltd.,Vinfast . Mfg. And Trading Co. Ltd.,Tier 2,Tier 1
Wipro Pari Private Ltd.,Vinfast . Mfg. And Trading Co. Ltd.,Tier 2,Tier 1
Comemso Electronics GmbH,Vinfast Trading And Production JSC,Tier 2,Tier 1
Zhengzhou Kelin Motor Vehicle Air Conditioning Co. Ltd.,Vinfast . Mfg. And Trading Co. Ltd.,Tier 2,Tier 1
Industrias Del Recambio India Private Ltd.,Vinfast Trading And Production Ltd. Liability Co.,Tier 2,Tier 1
Anhui Shenghuabo Automotive Appliance Co. Ltd.,Vinfast . Mfg. And Trading Co. Ltd.,Tier 2,Tier 1
Ideuntech Co. Ltd.,Vinfast . Mfg. And Trading Co. Ltd.,Tier 2,Tier 1
Argutec S.R.O.,Vinfast Trading And Production JSC,Tier 2,Tier 1
Henkel Singapore Pte,Vinfast . Mfg. And Trading Co. Ltd.,Tier 2,Tier 1
Meiko Electronics Vietnam Co. Ltd.,Vinfast Trading And Production JSC,Tier 2,Tier 1
Zhejiang Unite Motor Co. Ltd.,Vinfast Trading And Production JSC,Tier 2,Tier 1
Itt Italia Srl .,Vinfast Trading And Production JSC,Tier 2,Tier 1
Future Electronics Inc. Distribution Pte. Ltd.,Vinfast Trading And Production JSC,Tier 2,Tier 1
Schuler (Thailand) Co. Ltd.,Vinfast Trading And Production JSC,Tier 2,Tier 1
Kamax GmbH & Co. Kg,Vinfast . Mfg. And Trading Co. Ltd.,Tier 2,Tier 1
Nanjing Jiangkai Auto Parts Co. Ltd.,Vinfast . Mfg. And Trading Co. Ltd.,Tier 2,Tier 1
Fujian Nev Vehicle Co. Ltd.,CATL,Tier 1,CATL
Sampa Automotive Industry And Trade JSC,Vinfast Trading And Production JSC,Tier 2,Tier 1
Marui Sum (Thailand),Vinfast Trading And Production JSC,Tier 2,Tier 1
Guangxi Hongze Tengyue Mechanical And Electrical Co. Ltd.,CATL,Tier 1,CATL
Tri Equipments Sdn.Bhd.,Vinfast Trading And Production JSC,Tier 2,Tier 1
Bahattin Dogan Auto Lock,Vinfast Trading And Production JSC,Tier 2,Tier 1
China Molybdenum Co. Ltd.,CATL,Tier 1,CATL
Nanjing Aotecar New Energy Technolo,Vinfast Trading And Production JSC,Tier 2,Tier 1
Bep Europe NV,Vinfast . Mfg. And Trading Co. Ltd.,Tier 2,Tier 1
Autoneum Nittoku Sound Proof Products India Pvt. Ltd.,Vinfast Trading And Production Llc,Tier 2,Tier 1
Knorr Bremse Asia Pasific Holding Ltd.,Vinfast Trading And Production JSC,Tier 2,Tier 1
Zf Lemforder Tlm Disticaret Ltd.Sti.,Vinfast Trading And Production Llc,Tier 2,Tier 1
Huizhou Win Go Technology Co. Ltd.,Vinfast Trading And Production JSC,Tier 2,Tier 1
Xiamen Joint Tech Co. Ltd.,Vinfast Trading And Production JSC,Tier 2,Tier 1
Pha India Private Ltd.,Vinfast Trading And Production Llc,Tier 2,Tier 1
Skylark Tool Technologies,Vinfast Trading And Production Ltd. Liability Co.,Tier 2,Tier 1
Kaiem Inc.,Vinfast . Mfg. And Trading Co. Ltd.,Tier 2,Tier 1
Dayou Auto Parts,Vinfast Trading And Production JSC,Tier 2,Tier 1
Silver & Gem Exp.,CATL,Tier 1,CATL
Alfa Rubber & Springs Pvt. Ltd.,Vinfast Trading And Production JSC,Tier 2,Tier 1
Premo Sl,Vinfast Trading And Production JSC,Tier 2,Tier 1
Imm Technology Sdn. Bhd.,Vinfast Trading And Production JSC,Tier 2,Tier 1
Kunshan Meko Prototyping Co. Ltd.,Vinfast Trading And Production JSC,Tier 2,Tier 1
Poppelmann Kunstst Off Technik GmbH & Co.Kg,Vinfast Trading And Production JSC,Tier 2,Tier 1
Benecke Changshun Auto Trim (Zhangjiagang) Co. Ltd.,Vinfast Trading And Production JSC,Tier 2,Tier 1
Sgs Korea Co. Ltd.,Vinfast Trading And Production JSC,Tier 2,Tier 1
Amphenol Omniconnect India Private Ltd.,Vinfast Trading And Production Llc,Tier 1,Tier 1
Orsan Commercial Vehicle Brake Systems JSC,Vinfast Trading And Production JSC,Tier 2,Tier 1
Suzhou Tian Tong Wei Shi Electronics Ltd.,Vinfast Trading And Production JSC,Tier 2,Tier 1
Lear Automotive Interior Materials,Vinfast . Mfg. And Trading Co. Ltd.,Tier 2,Tier 1
Vector Informatik,Vinfast Trading And Production JSC,Tier 2,Tier 1
Zhejiang Huayou Cobalt Co.Ltd,CATL,Tier 1,CATL
Magna Automotive India Private Ltd.,Vinfast Trading And Production JSC,Tier 2,Tier 1
Xian Isrihuatai Automotive Seating Co. Ltd.,Vinfast Trading And Production JSC,Tier 2,Tier 1
Guangdong Magna Automotive Mir,Vinfast . Mfg. And Trading Co. Ltd.,Tier 2,Tier 1
Ideal Automotive GmbH,Vinfast Trading And Production JSC,Tier 2,Tier 1
Shenzhen Setec Power Co. Ltd.,Vinfast Trading And Production JSC,Tier 2,Tier 1
Samsung Sdi Co. Ltd.,Vinfast . Mfg. And Trading Co. Ltd.,Tier 2,Tier 1
Xuancheng Juncheng Auto Parts Co. Ltd.,Vinfast Trading And Production JSC,Tier 2,Tier 1
Taizhou Kaichi Internation Trade Co. Ltd.,Vinfast Trading And Production JSC,Tier 2,Tier 1
Harada Asia Pacific Ltd.,Vinfast Trading And Production JSC,Tier 2,Tier 1
Jiangsu Riying Electronics Co. Ltd.,Vinfast . Mfg. And Trading Co. Ltd.,Tier 2,Tier 1
Elyon Divine Components Private Ltd.,Vinfast Trading And Production JSC,Tier 2,Tier 1
Sika (China) Ltd.,Vinfast Trading And Production JSC,Tier 2,Tier 1
Bharat Balancing Weightss & Co.,Vinfast Trading And Production JSC,Tier 2,Tier 1
PT Aptiv Components Indonesia,Vinfast Trading And Production JSC,Tier 2,Tier 1
Salzgitter Hydroforming GmbH & Co Kg,Vinfast Trading And Production JSC,Tier 2,Tier 1
Shibaura Electronics Co. Ltd.,Vinfast Trading And Production JSC,Tier 2,Tier 1
Manisa Kardan Cemmer Dis Tic. A. S.,Vinfast Trading And Production JSC,Tier 2,Tier 1
Interparcel (Pty) Ltd.,Vinfast . Mfg. And Trading Co. Ltd.,Tier 2,Tier 1
Mouser Elec Tronics,Vinfast Trading And Production JSC,Tier 2,Tier 1
Paye Plast Plastik Vakum Form Kalip Tic. San. Ltd. Sti,Vinfast Trading And Production JSC,Tier 2,Tier 1
Da Mler Truck AG,Mercedes Benz Turkish JSC,Tier 2,Tier 2
Starcharge Energy Pte. Ltd.,Vinfast . Mfg. And Trading Co. Ltd.,Tier 2,Tier 1
Hella Fahrzeugkomponenten GmbH,Vinfast Trading And Production JSC,Tier 2,Tier 1
Qingdao Carflex Auto Parts Co. Ltd.,Vinfast . Mfg. And Trading Co. Ltd.,Tier 2,Tier 1
Linamar India Private Ltd.,Vinfast Trading And Production Llc,Tier 2,Tier 1
Twoeyesoft Co. Ltd.,CATL,Tier 1,CATL
Qili Power Electronics Co. Ltd.,Vinfast Trading And Production JSC,Tier 2,Tier 1
Amphenol Omniconnect India Private Ltd.,Vinfast Trading And Production Ltd. Liability Co.,Tier 1,Tier 1
Edscha Automotive Hengersberg GmbH,Vinfast Trading And Production JSC,Tier 2,Tier 1
Btr New Material Group Co . Ltd.,Vinfast . Mfg. And Trading Co. Ltd.,Tier 2,Tier 1
Schweissdraht Luisenthal GmbH,Vinfast Trading And Production JSC,Tier 2,Tier 1
Ast Technologies Co. Ltd. #80 Sapyeong Daero Seocho Gu Seoul Korea,CATL,Tier 1,CATL
Wuxi Xinrun Vehicle Security System Co. Ltd.,Vinfast Trading And Production JSC,Tier 2,Tier 1
B.Enterprises,CATL,Tier 1,CATL
Suzhou Fanglin Technology Co . Ltd.,Vinfast Trading And Production JSC,Tier 2,Tier 1
Rco Engineering Inc.,Vinfast . Mfg. And Trading Co. Ltd.,Tier 2,Tier 1
Korea International Co. Ltd.,Vinfast Trading And Production JSC,Tier 2,Tier 1
Suzhou Miracle Precision Parts Co. Ltd.,Vinfast Trading And Production JSC,Tier 2,Tier 1
Nanjing Haiwang Auto Parts Co. Ltd.,Vinfast Trading And Production JSC,Tier 2,Tier 1
Parijat Agency,CATL,Tier 1,CATL
Arrow Metal Technology Co. Ltd.,Vinfast Trading And Production JSC,Tier 2,Tier 1
Wenzhou Zhongye Communication Electric Apparatus Co. Ltd.,Vinfast . Mfg. And Trading Co. Ltd.,Tier 2,Tier 1
Marquardt Electronics Technology Shanghai Co. Ltd.,Vinfast Trading And Production JSC,Tier 2,Tier 1
Valeo Sistemas Electricos SA De Cv,Vinfast Trading And Production Ltd. Liability Co.,Tier 2,Tier 1
Ifa Powertrain (Shanghai) Co. Ltd.,Vinfast Trading And Production JSC,Tier 2,Tier 1
Minth International Macao Commercial Offshore Ltd. Av. Do Infante,Vinfast Trading And Production JSC,Tier 2,Tier 1
Minhui Automotive Parts Co. Ltd.,Vinfast Trading And Production JSC,Tier 2,Tier 1
Tristone Flowtech India Private Ltd.,Vinfast Trading And Production Llc,Tier 2,Tier 1
Cong Ty Tnhh Meihotech Vietnam,Vinfast Trading And Production JSC,Tier 2,Tier 1
Xi He Nian Guang E Commerce Co. Ltd.,Vinfast . Mfg. And Trading Co. Ltd.,Tier 2,Tier 1
Hella Asia Singapore Pte,Vinfast Trading And Production JSC,Tier 2,Tier 1
At Com Electronics Co. Ltd.,Vinfast Trading And Production JSC,Tier 2,Tier 1
Amphenol Pcd Shenzhen Co. Ltd.,Vinfast Trading And Production JSC,Tier 2,Tier 1
Hefei Jee Power Systems Co. Ltd.,Vinfast Trading And Production JSC,Tier 2,Tier 1
Humco Surgical.,CATL,Tier 1,CATL
Elyon Divine Components Privatelimited,Vinfast Trading And Production JSC,Tier 2,Tier 1
Tamagawa Seiki Suzhou Ltd.,Vinfast . Mfg. And Trading Co. Ltd.,Tier 2,Tier 1
Dalian Haosenread Equipment Manufcture Co. Ltd.,Vinfast Trading And Production JSC,Tier 2,Tier 1
Future Electronic Inc. ( Distribution ) Pte. Ltd.,Vinfast Trading And Production JSC,Tier 2,Tier 1
Infinity Engineering Solutions,Vinfast Trading And Production Llc,Tier 2,Tier 1
Innova Rubbers Pvt. Ltd.,Vinfast . Mfg. And Trading Co. Ltd.,Tier 2,Tier 1
Izo Tek Izolasyon Tekstil San.Ve Tic. Ltd. Sti,Vinfast Trading And Production JSC,Tier 2,Tier 1
Agle Intelligent Technology (Guang Dong) Co. Ltd.,Vinfast . Mfg. And Trading Co. Ltd.,Tier 2,Tier 1
East Joylong Automotive Electronics (Shanghai) Co. Ltd.,Vinfast Trading And Production JSC,Tier 2,Tier 1
Harrington Industries (Thailand) Co. Ltd.,Vinfast Trading And Production JSC,Tier 2,Tier 1
Marelli Automotive Electronics (Guangzhou) Co. Lt,Vinfast Trading And Production JSC,Tier 2,Tier 1
Hutchinson Poland Sp. Z O.O.,Vinfast . Mfg. And Trading Co. Ltd.,Tier 2,Tier 1
Restar Electronics Corporation,Vinfast Trading And Production JSC,Tier 2,Tier 1
Jiangsu Pomlead Co. Ltd.,Vinfast Trading And Production JSC,Tier 2,Tier 1
Shenzhen Casun Intelligent Robot Co. Ltd.,Vinfast Trading And Production JSC,Tier 2,Tier 1
Cong Ty Tnhh Cong Nghiep Fancy Vn,Vinfast Trading And Production JSC,Tier 2,Tier 1
Yuyao Yeko Economic Trade Co. Ltd.,Vinfast Trading And Production JSC,Tier 2,Tier 1
Jee Technology Co. Ltd.,Vinfast Trading And Production JSC,Tier 2,Tier 1
Shenyang Siasun Robot And Automation Co. Ltd.,Vinfast Trading And Production JSC,Tier 2,Tier 1
Brembo ( Nanjing ) Brake Systems Co.,Vinfast Trading And Production JSC,Tier 2,Tier 1
Cong Ty Tnhh Dien Tu Gaoqi (Vietnam),Vinfast Trading And Production JSC,Tier 1,Tier 1
Ls Automotive Technologies Co. Ltd.,Vinfast Trading And Production JSC,Tier 2,Tier 1
Fluid Controls Pvt. Ltd.,CATL,Tier 1,CATL
Nanjing Haiwang Automobile Parts Co. Ltd.,Vinfast . Mfg. And Trading Co. Ltd.,Tier 2,Tier 1
Ppg Coatings (Malaysia) Sdn.Bhd,Vinfast . Mfg. And Trading Co. Ltd.,Tier 2,Tier 1
Hutchinson Industrial Rubber Products Suzhou Co. Ltd.,Vinfast Trading And Production JSC,Tier 2,Tier 1
Cong Ty Tnhh Chiyoda Integre Vietnam,Vinfast Trading And Production JSC,Tier 2,Tier 1
Chongqing Boxun Science Innovation Industrial Co. Ltd.,Vinfast Trading And Production JSC,Tier 2,Tier 1
Shenzhen Xiho Energy Technology,CATL,Tier 1,CATL
KAMAX-Werke Rudolf Kellermann GmbH & Co. KG,Vinfast Trading And Production JSC,Tier 2,Tier 1
Svi Public Co. Ltd.,Vinfast Trading And Production JSC,Tier 2,Tier 1
Zhejiang Luoshi Vibration Control Co. Ltd.,Vinfast . Mfg. And Trading Co. Ltd.,Tier 2,Tier 1
Linktosun Ltd.,CATL,Tier 1,CATL
Topia (Changshu) Co. Ltd.,Vinfast Trading And Production JSC,Tier 2,Tier 1
Norgren Automation Solutions,Vinfast . Mfg. And Trading Co. Ltd.,Tier 2,Tier 1
Luxor Lighting Sas,Vinfast Trading And Production JSC,Tier 2,Tier 1
Southco India Private,Vinfast Trading And Production JSC,Tier 2,Tier 1
Shanghai Ganyan Construction Engin,Vinfast . Mfg. And Trading Co. Ltd.,Tier 2,Tier 1
N.F.Smith & Associates Lp,Vinfast Trading And Production JSC,Tier 2,Tier 1
Shanghai Linden Autotech Co. Ltd.,Vinfast . Mfg. And Trading Co. Ltd.,Tier 2,Tier 1
Td Automotive Compressor Indonesia,Vinfast Trading And Production Llc,Tier 2,Tier 1
Henkel (Jiangsu) Auto Parts Co. Ltd.,Vinfast Trading And Production JSC,Tier 2,Tier 1
Behr Hella Thermocontrol India Pvt. Ltd.,Vinfast Trading And Production JSC,Tier 2,Tier 1
Ningbo Ronbay New Energy Technology Co. Ltd.,Vinfast Trading And Production JSC,Tier 2,Tier 1
Nifco (HK) Ltd.,Vinfast Trading And Production JSC,Tier 2,Tier 1
Nihon Superior Thailand,Vinfast . Mfg. And Trading Co. Ltd.,Tier 2,Tier 1
Vayyar Imaging Ltd.,Vinfast Trading And Production JSC,Tier 2,Tier 1
Dongguan Perfect Mould Co. Ltd.,Vinfast Trading And Production JSC,Tier 2,Tier 1
Tti Electronics Asia Pte. Ltd.,Vinfast Trading And Production JSC,Tier 2,Tier 1
Intec Sames Kremlin GmbH,Vinfast . Mfg. And Trading Co. Ltd.,Tier 2,Tier 1
Lg Chem. Ltd.,Vinfast Trading And Production JSC,Tier 2,Tier 1
Kiz Enterprise,CATL,Tier 1,CATL
Apricus Technologies Pte. Ltd.,Vinfast . Mfg. And Trading Co. Ltd.,Tier 2,Tier 1
Kostal India Private Ltd.,Vinfast Trading And Production Llc,Tier 2,Tier 1
Advanced Comfort Systems Wuhan Co. Ltd.,Vinfast Trading And Production JSC,Tier 2,Tier 1
Uwave Technology (HK) Co. Ltd.,Vinfast . Mfg. And Trading Co. Ltd.,Tier 2,Tier 1
Cong Ty Tnhh Imarket Vietnam,Ace Antenna Co. Ltd.,Tier 3,Tier 2
Fagor Metalforming Machine Tool (Kunshan) Co.Ldt,Vinfast Trading And Production JSC,Tier 2,Tier 1
Alfa Ica India Ltd.,CATL,Tier 1,CATL
Taiyu New Energy Materials (Changzhou) Co. Ltd.,Vinfast Trading And Production JSC,Tier 2,Tier 1
Zf Automotive Systems (Shanghai) Co.,Vinfast . Mfg. And Trading Co. Ltd.,Tier 2,Tier 1
Zf Asia Pacific Pte.,Vinfast Trading And Production JSC,Tier 2,Tier 1
Sichuan Saite Refrigeration Co. Ltd.,Vinfast Trading And Production JSC,Tier 2,Tier 1
Changzhou Ctw Electronics Co. Ltd.,Vinfast . Mfg. And Trading Co. Ltd.,Tier 2,Tier 1
Contitech Fluid Korea Ltd.,Vinfast Trading And Production JSC,Tier 2,Tier 1
Future Electronics Inc. (Distribution) Pvt. Ltd.,Vinfast Trading And Production JSC,Tier 2,Tier 1
Smalley Steel Ring Co.,Vinfast Trading And Production JSC,Tier 2,Tier 1
Press Metal International Technology Co. Ltd.,Vinfast . Mfg. And Trading Co. Ltd.,Tier 2,Tier 1
Nanjing Aotecar,Vinfast Trading And Production JSC,Tier 2,Tier 1
Shengyiheng Trade Co. Ltd.,CATL,Tier 1,CATL
Hwaseung R&A Co. Ltd.,Vinfast Trading And Production JSC,Tier 2,Tier 1
Cong Ty Tnhh Meijitsu Vietnam,Vinfast . Mfg. And Trading Co. Ltd.,Tier 2,Tier 1
L&F Co. Ltd.,Vinfast Trading And Production JSC,Tier 2,Tier 1
Shanghai Line Feng International,CATL,Tier 1,CATL
Hubei Henglong & Kyb Automobile Electric Steering System Co. Ltd.,Vinfast . Mfg. And Trading Co. Ltd.,Tier 2,Tier 1
Pininfarina SpA,Vinfast Trading And Production JSC,Tier 2,Tier 1
Vietnam General JSC,Cong Ty Tnhh Seojin Auto,Tier 3,Tier 2
Xinpoint Holding Ltd.,Vinfast Trading And Production JSC,Tier 2,Tier 1
Shenyang Hongyuan Magnet,Vinfast Trading And Production JSC,Tier 2,Tier 1
Kvaser (Hong Kong) Co. Ltd.,Vinfast Trading And Production JSC,Tier 2,Tier 1
Maxra International Trading Inc.,Vinfast Trading And Production JSC,Tier 2,Tier 1
DK Leather Seats Sdn. Bhd.,Vinfast . Mfg. And Trading Co. Ltd.,Tier 2,Tier 1
Jiande Wuxing Bicycle Co. Ltd.,Vinfast . Mfg. And Trading Co. Ltd.,Tier 2,Tier 1
Shenzhen Invispower Technology Co. Ltd.,Vinfast . Mfg. And Trading Co. Ltd.,Tier 2,Tier 1
Smith & Associates Europe BV,Vinfast Trading And Production JSC,Tier 2,Tier 1
Mahle Behr Namestovo S.R.O.,Vinfast Trading And Production JSC,Tier 2,Tier 1
Shanghai Idiada Automotive Technology Services Co. Ltd.,Vinfast . Mfg. And Trading Co. Ltd.,Tier 2,Tier 1
Fci Oen Connectors Ltd.,Vinfast Trading And Production Ltd. Liability Co.,Tier 2,Tier 1
Guangzhou Kanto Auto Parts Co. Ltd.,Vinfast . Mfg. And Trading Co. Ltd.,Tier 2,Tier 1
Faurecia Interior Systems (Thailand) Co. Ltd.,Vinfast Trading And Production JSC,Tier 2,Tier 1
Zhejiang Huaqu International Trade Co. Ltd.,Vinfast Trading And Production JSC,Tier 2,Tier 1
Joyson Safety Systems Acquisition Llc,Vinfast . Mfg. And Trading Co. Ltd.,Tier 2,Tier 1
Continental Tyres (Thailand) Co. L,Vinfast Trading And Production JSC,Tier 2,Tier 1
Contemporary Amperex Technology Co. Ltd.,CATL,Tier 1,CATL
Voss Automotive Components (Jinan) Co . Ltd.,Vinfast Trading And Production JSC,Tier 2,Tier 1
Gestamp Metal Forming,Vinfast Trading And Production JSC,Tier 2,Tier 1
Taicang Tamagawa Trading Co. Ltd.,Vinfast Trading And Production JSC,Tier 2,Tier 1
Facil Europe,Vinfast Trading And Production JSC,Tier 2,Tier 1
Trw Automotive Component Technical Service Shanghai Co. Ltd.,Vinfast Trading And Production JSC,Tier 2,Tier 1
Shenzhen Vstarcam Technology Co. Ltd.,Vinfast Trading And Production JSC,Tier 2,Tier 1
Kaufmann S.A. Vehiculos Motorizados,CATL,Tier 1,CATL
Eastman Cast & Forge Ltd.,Vinfast Trading And Production Llc,Tier 2,Tier 1
Chinatool Automotive Mould System,Vinfast Trading And Production JSC,Tier 2,Tier 1
Continental Automotive Components,Vinfast Trading And Production Llc,Tier 2,Tier 1
Benecke Changshun Auto Trim,Vinfast Trading And Production JSC,Tier 2,Tier 1
Shanghai East Best International Business Development Co. Ltd.(Shinhan),Vinfast Trading And Production JSC,Tier 2,Tier 1
Aceinna Transducer Systems Co. Ltd.,Vinfast . Mfg. And Trading Co. Ltd.,Tier 2,Tier 1
Ningbo Tuopu Vibro Acoustics Technology Co. Ltd.,CATL,Tier 1,CATL
Fft Produktionssysteme GmbH And Co.Kg,Vinfast . Mfg. And Trading Co. Ltd.,Tier 2,Tier 1
Kyocera Avx Components (Werne) GmbH,Vinfast Trading And Production JSC,Tier 2,Tier 1
Southco (India) Private Ltd.,Vinfast Trading And Production JSC,Tier 2,Tier 1
Vinfast Auto Canada Inc.,Vinfast Trading And Production Llc,Tier 2,Tier 1
Idiada Automotive Technology S.A,Vinfast Trading And Production JSC,Tier 2,Tier 1
Optimas (Suzhou) Trading Co. Ltd.,Vinfast . Mfg. And Trading Co. Ltd.,Tier 2,Tier 1
Fibrosan Glass Reinforced Polyester San.Ve Tic. Inc. Co.,Vinfast Trading And Production JSC,Tier 2,Tier 1
Polyrub Cooper Standard Fts Pvt. Ltd.,Vinfast Trading And Production JSC,Tier 2,Tier 1
Maxion Wheels(Thailand) Co. Ltd.,Vinfast Trading And Production JSC,Tier 2,Tier 1
Nizona Marine Products Private Ltd.,CATL,Tier 1,CATL
Aapico Amata Co. Ltd.,CATL,Tier 1,CATL
Constellium Automotive,Vinfast . Mfg. And Trading Co. Ltd.,Tier 2,Tier 1
Mitsubishi Engineering Plastics Corp,Vinfast Trading And Production JSC,Tier 2,Tier 1
Jing Jin Electric Technologies Beijing Co. Ltd.,Vinfast Trading And Production JSC,Tier 2,Tier 1
Bruss Sealing Systems (Taicang) Co. Ltd.,Vinfast Trading And Production JSC,Tier 2,Tier 1
Mouser Electronics Korea Ltd. Co.,Vinfast Trading And Production JSC,Tier 2,Tier 1
People And Technology Inc.,Vinfast Trading And Production JSC,Tier 2,Tier 1
Suzhou Ruidazhending Trading Co L,Vinfast . Mfg. And Trading Co. Ltd.,Tier 2,Tier 1
Carcoustics Automotive Parts (Langfang) Co. Ltd.,Vinfast . Mfg. And Trading Co. Ltd.,Tier 2,Tier 1
Chakrapani Ayurveda Clinic & Research Centre,CATL,Tier 1,CATL
Fores Elastomech India Private Ltd.,Vinfast Trading And Production JSC,Tier 2,Tier 1
Tenneco Automotive India Private Ltd.,Vinfast Trading And Production JSC,Tier 2,Tier 1
Shenyang Siasun Robot & Automation,Vinfast . Mfg. And Trading Co. Ltd.,Tier 2,Tier 1
Fev India Private Ltd.,CATL,Tier 1,CATL
Valeo Interior Controls (Shenzhen),Vinfast Trading And Production JSC,Tier 2,Tier 1
Chargebyte GmbH,Vinfast Trading And Production JSC,Tier 2,Tier 1
Tianjin Zhongwin New Material Technology Co. Ltd.,Vinfast . Mfg. And Trading Co. Ltd.,Tier 2,Tier 1
A Kayser Automotive Systems GmbH,Vinfast Trading And Production JSC,Tier 2,Tier 1
Gold Reach Electronics (Asia) Co. Ltd.,Vinfast . Mfg. And Trading Co. Ltd.,Tier 2,Tier 1
Yazaki India Private Ltd.,Vinfast Trading And Production Llc,Tier 2,Tier 1
Seojin Vietnam Co. Ltd.,CATL,Tier 1,CATL
Zf Cv Distribution Poland Sp. Z O.O,Vinfast Trading And Production JSC,Tier 2,Tier 1
Jcl Co.,Vinfast Trading And Production JSC,Tier 2,Tier 1
Element14 Pte. Ltd.,Vinfast Trading And Production JSC,Tier 2,Tier 1
Youngmin Hi Tech Vina Co. Ltd.,Vinfast Trading And Production JSC,Tier 2,Tier 1
Paul Kauth GmbH Co.Kg,Vinfast Trading And Production JSC,Tier 2,Tier 1
Sdaac Automotive Air Conditioning Systems Co. Ltd. Shanghai,Vinfast Trading And Production JSC,Tier 2,Tier 1
Indica Industries Pvt. Ltd.,Vinfast Trading And Production JSC,Tier 2,Tier 1
Wuhan Oriental Age Molding Products Co. Ltd. Shanghai Branch Co.,Vinfast Trading And Production JSC,Tier 2,Tier 1
Simwon Automotive (Changshu) Co. Ltd.,Vinfast . Mfg. And Trading Co. Ltd.,Tier 2,Tier 1
Shanghai Zhongxing Wright E Motors,Vinfast Trading And Production JSC,Tier 2,Tier 1
Xiaogan Huagong Gaoli Electron Co L,Vinfast . Mfg. And Trading Co. Ltd.,Tier 2,Tier 1
Keiper (Changshu) Seating Mechanism,Vinfast . Mfg. And Trading Co. Ltd.,Tier 2,Tier 1
Hubei Hapm Magna Seating System Co. Ltd.,Vinfast . Mfg. And Trading Co. Ltd.,Tier 2,Tier 1
Marelli Automotive Lighting Malaysi,Vinfast Trading And Production JSC,Tier 2,Tier 1
Suzhou Sishante Textile Co. Ltd.,Vinfast . Mfg. And Trading Co. Ltd.,Tier 2,Tier 1
Zf Automotive Technologies (Shanghai) Co. Ltd.,Vinfast Trading And Production JSC,Tier 2,Tier 1
Allgaier Sachsen GmbH,Vinfast Trading And Production JSC,Tier 2,Tier 1
Misensor Tech (Shanghai) Co. Ltd.,Vinfast Trading And Production JSC,Tier 2,Tier 1
Zf Lemforder Tlm Dis Ticaret Ltd.,Vinfast Trading And Production JSC,Tier 2,Tier 1
Fastenex Private Ltd.,Vinfast Trading And Production JSC,Tier 2,Tier 1
Chungwoo Ltd.,Vinfast Trading And Production JSC,Tier 2,Tier 1
Changzhou Rosetta Stone Imp. And,Vinfast . Mfg. And Trading Co. Ltd.,Tier 2,Tier 1
Ditas Dogan Yedek Parca Imalat Ve Teknik A.S.,Vinfast Trading And Production JSC,Tier 2,Tier 1
Yazaki India Private Ltd.,Vinfast Trading And Production Ltd. Liability Co.,Tier 2,Tier 1
E Intelligence.Co. Ltd.,Vinfast Trading And Production JSC,Tier 2,Tier 1
Schneider Prototyping India Pvt. Ltd.,Vinfast Trading And Production JSC,Tier 2,Tier 1
Shandong Chongjin Auto Parts Co. Ltd.,Vinfast Trading And Production JSC,Tier 2,Tier 1
Wurth Electronics Singapore Pte. Ltd.,Vinfast . Mfg. And Trading Co. Ltd.,Tier 2,Tier 1
Contitech Fluid Technology,Vinfast Trading And Production JSC,Tier 2,Tier 1
Contitech Techno Chemie GmbH,Vinfast Trading And Production JSC,Tier 2,Tier 1
Air International Ttr Thermal Systems Ltd.,Vinfast Trading And Production JSC,Tier 2,Tier 1
Zhejiang Jiuzhou New Energy Technology Co. Ltd.,Vinfast Trading And Production JSC,Tier 2,Tier 1
Mahle Componente De Motor Srl,Vinfast Trading And Production JSC,Tier 2,Tier 1
Ti Poland Sp Zoo,Vinfast Trading And Production JSC,Tier 2,Tier 1
Indica Industries Private Ltd.,Vinfast Trading And Production JSC,Tier 2,Tier 1
Jiaxing Minhui Automotive Parts Co. Ltd.,Vinfast Trading And Production JSC,Tier 2,Tier 1
Federal Mogul Valvetrain GmbH,Vinfast Trading And Production JSC,Tier 2,Tier 1
Wuhu Atech Automotive Co. Ltd.,Vinfast Trading And Production JSC,Tier 2,Tier 1
Saint Gobain Sekurit Thailand Co. Ltd.,Vinfast . Mfg. And Trading Co. Ltd.,Tier 2,Tier 1
Hung A Forming Co. Ltd.,Vinfast . Mfg. And Trading Co. Ltd.,Tier 2,Tier 1
Auto Motive Power Inc.,Vinfast . Mfg. And Trading Co. Ltd.,Tier 2,Tier 1
Vinfast,Vinfast Trading And Production Llc,Tier 2,Tier 1
Hefei Gotion High Tech Power Energy Co. Ltd.,Vinfast Trading And Production JSC,Tier 2,Tier 1
Suzhou Hager Electric Control Co. Ltd.,Vinfast . Mfg. And Trading Co. Ltd.,Tier 2,Tier 1
Mouser Electronics Inc. Customer Service Rep.,Vinfast Trading And Production JSC,Tier 2,Tier 1
Mtm Auto Parts Shanghai Co. Ltd.,Vinfast Trading And Production JSC,Tier 2,Tier 1
Seimei Technology Co. Ltd.,CATL,Tier 1,CATL
Changzhou Machinery And Equipment Import And Export Co. Ltd.,Vinfast Trading And Production JSC,Tier 1,Tier 1
Nantong Finecare Health Products Co. Ltd.,Vinfast . Mfg. And Trading Co. Ltd.,Tier 2,Tier 1
Hyunbo Corp.,Vinfast Trading And Production JSC,Tier 2,Tier 1
HK Bolang Industrial Co. Ltd.,CATL,Tier 1,CATL
Mahle Blechtechnologie GmbH,Vinfast Trading And Production JSC,Tier 2,Tier 1
Dalian Haosenread Equipment Mfg. Co. Ltd.,Vinfast Trading And Production JSC,Tier 2,Tier 1
Orsan Ticari Arac Fren Sistemleri Anonim Sirketi,Vinfast Trading And Production JSC,Tier 2,Tier 1
Zf Asia Pacific Pte,Vinfast Trading And Production JSC,Tier 2,Tier 1
Meiko Electronics Vietnam Co. Ltd.,Vinfast . Mfg. And Trading Co. Ltd.,Tier 2,Tier 1
Amstrong Rubber & Chemical Products Co. Ltd.,Vinfast . Mfg. And Trading Co. Ltd.,Tier 2,Tier 1
Industrias Del Recambio India Private Ltd.,Vinfast Trading And Production JSC,Tier 2,Tier 1
Shenzhen Xiho Energy Technology Co.,CATL,Tier 1,CATL
Canon India Private Ltd.,CATL,Tier 1,CATL
Wurth Electronics (HK) Ltd.,Vinfast Trading And Production JSC,Tier 2,Tier 1
Guizhou Ronbay Lithium Battery Material Co. Ltd.,Vinfast Trading And Production JSC,Tier 2,Tier 1
Schuler (Thailand) Co. Ltd.,Vinfast . Mfg. And Trading Co. Ltd.,Tier 2,Tier 1
Cong Ty Tnhh Nhua Cao Su Tiee Ing Vietnam,Vinfast Trading And Production JSC,Tier 2,Tier 1
CASCO Automotive (Suzhou) Co. Ltd.,Vinfast Trading And Production JSC,Tier 2,Tier 1
Qin Xuan Automotive Technology (Tian Chang) Co. Ltd.,Vinfast Trading And Production JSC,Tier 2,Tier 1
Shanghai Daimay Automotive Interior Co. Ltd.,Vinfast Trading And Production JSC,Tier 2,Tier 1
Marui Sum (Thailand),Vinfast . Mfg. And Trading Co. Ltd.,Tier 2,Tier 1
Zhejiang Ruitai Suspension System T,Vinfast Trading And Production JSC,Tier 2,Tier 1
Benecke Changshun Auto Trim (Zhangjiagang),Vinfast Trading And Production JSC,Tier 2,Tier 1
Magna Closures System Integration (Kunshan) Co. Ltd.,Vinfast Trading And Production JSC,Tier 2,Tier 1
Rishi Laser Ltd.,CATL,Tier 1,CATL
I.M.C.S.P.A,Vinfast Trading And Production JSC,Tier 2,Tier 1
Shandong Heavy Forging International Trade Co. Ltd.,CATL,Tier 1,CATL
Huizhou Win Go Technology Co. Ltd.,Vinfast . Mfg. And Trading Co. Ltd.,Tier 2,Tier 1
Ti Automotive (Thailand) Ltd.,Vinfast . Mfg. And Trading Co. Ltd.,Tier 2,Tier 1
Lear Automotive India,Vinfast Trading And Production JSC,Tier 2,Tier 1
Polybond India Private Ltd.,Vinfast Trading And Production Llc,Tier 2,Tier 1
Alfa Rubber & Springs Pvt. Ltd.,Vinfast . Mfg. And Trading Co. Ltd.,Tier 2,Tier 1
Thansiv Exim Private Ltd.,Vinfast Trading And Production Llc,Tier 2,Tier 1
Industrias Del Recambio India Pvt. Ltd.,Vinfast Trading And Production JSC,Tier 2,Tier 1
Delson Technology Co. Ltd.,Vinfast Trading And Production JSC,Tier 2,Tier 1
L&F,Vinfast . Mfg. And Trading Co. Ltd.,Tier 2,Tier 1
Alpin Kimya Sanayi Ve Ticaret Anonim Sirketi,Vinfast Trading And Production JSC,Tier 2,Tier 1
A. V. Thomas Leather & Allied Products Pvt. Ltd.,CATL,Tier 1,CATL
Zhejiang Jingkai Mould &Plastic Technology Co. Ltd.,Vinfast Trading And Production JSC,Tier 2,Tier 1
Facil (Thailand) Co. Ltd.,Vinfast Trading And Production JSC,Tier 2,Tier 1
Tata Technologies Ltd.,Vinfast Trading And Production Llc,Tier 2,Tier 1
Magna Steyr Fahrzeugtechnik AG&Co,Vinfast Trading And Production JSC,Tier 2,Tier 1
Mercedes Benz Energy,CATL,Tier 1,CATL
Dongguan Dalang Chuangruixing,CATL,Tier 1,CATL
Jbm Auto Ltd.,Vinfast Trading And Production Llc,Tier 2,Tier 1
Seeger Orbis GmbH & Co. Ohg,Vinfast . Mfg. And Trading Co. Ltd.,Tier 2,Tier 1
Fusion Trade Inc.,Vinfast Trading And Production JSC,Tier 2,Tier 1
Xinyi Automobile Parts (Wuhu) Co. Ltd.,Vinfast Trading And Production JSC,Tier 2,Tier 1
Shenzhen Wengao Electronic Co. Ltd.,Vinfast Trading And Production JSC,Tier 2,Tier 1
Cong Ty Tnhh Kansai Felt (Vietnam),Vinfast Trading And Production JSC,Tier 2,Tier 1
Suzhou Higer New Energy Automobile Electronic Control System Co. Ltd.,Vinfast Trading And Production JSC,Tier 2,Tier 1
ZF Friedrichshafen AG,Vinfast . Mfg. And Trading Co. Ltd.,Tier 2,Tier 1
Dbk David + Baader GmbH,Vinfast Trading And Production JSC,Tier 2,Tier 1
Skywill Industrial Hongkong Co. Ltd.,Vinfast Trading And Production JSC,Tier 2,Tier 1
Shanghai Biao Sai Trading Co. Ltd.,Vinfast Trading And Production JSC,Tier 2,Tier 1
Vector Informatik,Vinfast . Mfg. And Trading Co. Ltd.,Tier 2,Tier 1
Suzhou Higer New Energy Automobile Electronic,Vinfast Trading And Production JSC,Tier 2,Tier 1
Catl Singapore Pte. Ltd.,CATL,Tier 1,CATL
Zippel GmbH,Vinfast . Mfg. And Trading Co. Ltd.,Tier 2,Tier 1
Autoneum (Chongqing) Sound Proof Parts Co. Ltd. Taicang Branch,Vinfast Trading And Production JSC,Tier 2,Tier 1
Samshin Chemical Co. Ltd.,Vinfast Trading And Production JSC,Tier 2,Tier 1
Xuancheng Juncheng Auto Parts Co. Ltd.,Vinfast . Mfg. And Trading Co. Ltd.,Tier 2,Tier 1
Star Of Orient Industrial Ltd.,CATL,Tier 1,CATL
Taizhou Kaichi Internation Trade Co. Ltd.,Vinfast . Mfg. And Trading Co. Ltd.,Tier 2,Tier 1
Sika (China) Ltd.,Vinfast . Mfg. And Trading Co. Ltd.,Tier 2,Tier 1
Bharat Balancing Weightss & Co.,Vinfast . Mfg. And Trading Co. Ltd.,Tier 2,Tier 1
PT Aptiv Components Indonesia,Vinfast . Mfg. And Trading Co. Ltd.,Tier 2,Tier 1
Macnica Cytech Pte,Vinfast Trading And Production JSC,Tier 2,Tier 1
Facil Europe Bvba,Vinfast Trading And Production JSC,Tier 2,Tier 1
Sowa Smart Technologies (Shanghai) Ltd.,Vinfast Trading And Production JSC,Tier 2,Tier 1
Kostal (Shanghai) Management Co. Ltd.,Vinfast Trading And Production JSC,Tier 2,Tier 1
Shanghai Yaoyuan Corp,Vinfast Trading And Production JSC,Tier 2,Tier 1
Hella Fahrzeugkomponenten GmbH,Vinfast . Mfg. And Trading Co. Ltd.,Tier 2,Tier 1
Wabco Asia Pte. Ltd.,Vinfast Trading And Production JSC,Tier 2,Tier 1
Acme Mills,CATL,Tier 1,CATL
Jm Imp. Co. Ltd.,Vinfast . Mfg. And Trading Co. Ltd.,Tier 2,Tier 1
Suzhou Walor Automotive Components Co. Ltd.,Vinfast Trading And Production JSC,Tier 2,Tier 1
Rebound Singapore Pte,Vinfast Trading And Production JSC,Tier 2,Tier 1
Changzhou Wuyi Lamps Co. Ltd.,Vinfast Trading And Production JSC,Tier 2,Tier 1
Edscha Automotive Hengersberg GmbH,Vinfast . Mfg. And Trading Co. Ltd.,Tier 2,Tier 1
Lydall Gerhardi GmbH & Co Kg,Vinfast Trading And Production JSC,Tier 2,Tier 1
Chongqing Huiguan Mechanical & Electrical Products Co. Ltd.,Vinfast Trading And Production JSC,Tier 2,Tier 1
Rehau AG + Co.,Vinfast Trading And Production JSC,Tier 2,Tier 1
Shanghai Baolu Automobile Business Co . Ltd.,Vinfast Trading And Production JSC,Tier 2,Tier 1
Wuxi Xinrun Vehicle Security System Co. Ltd.,Vinfast . Mfg. And Trading Co. Ltd.,Tier 2,Tier 1
Suzhou Miracle Precision Parts Co. Ltd.,Vinfast . Mfg. And Trading Co. Ltd.,Tier 2,Tier 1
Nanjing Haiwang Auto Parts Co. Ltd.,Vinfast . Mfg. And Trading Co. Ltd.,Tier 2,Tier 1
Foryou Multimedia Electronics Co. Ltd.,Vinfast Trading And Production JSC,Tier 2,Tier 1
Asahi Kasei Plastics Singapore Pte. Ltd.,Vinfast Trading And Production JSC,Tier 2,Tier 1
Anhui Edscha Automotive Parts Co Lt,Vinfast Trading And Production JSC,Tier 2,Tier 1
Hefei Jee Power Systems Co. Ltd.,Vinfast . Mfg. And Trading Co. Ltd.,Tier 2,Tier 1
Ma Yunlu Wandu Chassis Parts (Suzhou) Co. Ltd.,Vinfast . Mfg. And Trading Co. Ltd.,Tier 2,Tier 1
Beijing West Smart Control (Zhangjiakou) Auto Parts Co. Ltd.,Vinfast . Mfg. And Trading Co. Ltd.,Tier 2,Tier 1
Seg Automotive Products (China) Co.,Vinfast Trading And Production JSC,Tier 2,Tier 1
Dtds Technology Pte,Vinfast Trading And Production JSC,Tier 2,Tier 1
Golden Supply Participacoes Ltda,Vinfast Trading And Production JSC,Tier 2,Tier 1
Schweikert GmbH,Vinfast Trading And Production JSC,Tier 2,Tier 1
Tianjin Dt Automation Science & Technology Co. Ltd.,Vinfast Trading And Production JSC,Tier 2,Tier 1
Turna Ahsap Inssanticltdsti,Vinfast . Mfg. And Trading Co. Ltd.,Tier 2,Tier 1
Fuan Optoelectronics Technology,Vinfast . Mfg. And Trading Co. Ltd.,Tier 2,Tier 1
Ace Engineering & Co. Ltd.,CATL,Tier 1,CATL
Nam Liong Global Corporation Tainan Branch,Vinfast Trading And Production JSC,Tier 2,Tier 1
Eng Dis Ticaret Ve Otomotiv San. Lt D,Vinfast Trading And Production JSC,Tier 2,Tier 1
Iee S.A.,Vinfast Trading And Production JSC,Tier 2,Tier 1
Mando (Suzhou) Chassis System Co. Ltd.,Vinfast Trading And Production JSC,Tier 2,Tier 1
Jee Technology Co. Ltd.,Vinfast . Mfg. And Trading Co. Ltd.,Tier 2,Tier 1
Papers Catalunya S L,CATL,Tier 1,CATL
Cong Ty Tnhh Dien Tu Gaoqi (Vietnam),Vinfast . Mfg. And Trading Co. Ltd.,Tier 1,Tier 1
Zhejiang Asia Pacific Mechanical & Electronic Co. Ltd.,Vinfast Trading And Production JSC,Tier 2,Tier 1
Tsi Co. Ltd.,Vinfast . Mfg. And Trading Co. Ltd.,Tier 2,Tier 1
Hutchinson Industrial Rubber Products Suzhou Co. Ltd.,Vinfast . Mfg. And Trading Co. Ltd.,Tier 2,Tier 1
Suzhou Zhenye Mold Co. Ltd.,Vinfast . Mfg. And Trading Co. Ltd.,Tier 2,Tier 1
Oymak Automotive Industry And Trade JSC,Vinfast Trading And Production JSC,Tier 2,Tier 1
Fendi North America Inc.,CATL,Tier 1,CATL
Southco India Private,Vinfast . Mfg. And Trading Co. Ltd.,Tier 2,Tier 1
Langfang Longjida Metal Parts Co. Ltd.,Vinfast Trading And Production JSC,Tier 2,Tier 1
Shanghai Min Fang Auto Parts Co . Ltd.,Vinfast Trading And Production JSC,Tier 2,Tier 1
Telfleks Otomotiv San.Ve Tic Ltdsti,Vinfast Trading And Production JSC,Tier 2,Tier 1
Le Champ (South East Asia) Pte. Ltd.,Vinfast Trading And Production JSC,Tier 2,Tier 1
Shanghai Jiashi Display Co. Ltd.,CATL,Tier 1,CATL
Shanghai Xingyi Trading Co.,Vinfast Trading And Production JSC,Tier 2,Tier 1
Renquan Intelligent Technology (Shanghai) Co. Ltd.,Vinfast Trading And Production JSC,Tier 2,Tier 1
Centre Testing International Group Co. Ltd.,Vinfast Trading And Production JSC,Tier 2,Tier 1
"THK Company, Ltd.",CATL,Tier 1,CATL
Yidebao Technology Development,Vinfast Trading And Production JSC,Tier 2,Tier 1
Mubea Somboon Automotive Co. Ltd.,Vinfast Trading And Production JSC,Tier 2,Tier 1
Vinfast Engineering Australia (Pty) Ltd.,Vinfast Trading And Production JSC,Tier 2,Tier 1
China Anhui Wuhu Jin An Shiteng Automotive Safety System Co. Ltd.,Vinfast Trading And Production JSC,Tier 2,Tier 1
Piolax (Thailand) Ltd.,Vinfast Trading And Production JSC,Tier 2,Tier 1
Itw India Private Ltd.,Vinfast Trading And Production Llc,Tier 2,Tier 1
Shenzhen Honson Electronics Technology Co. Ltd.,Vinfast Trading And Production JSC,Tier 2,Tier 1
Ningbo Ronbay New Energy Technology Co. Ltd.,Vinfast . Mfg. And Trading Co. Ltd.,Tier 2,Tier 1
Asiaone Electronics Co. Ltd.,Vinfast Trading And Production JSC,Tier 2,Tier 1
Vayyar Imaging Ltd.,Vinfast . Mfg. And Trading Co. Ltd.,Tier 2,Tier 1
Jiangsu Jiahe Thermal Systems Inc.,Vinfast . Mfg. And Trading Co. Ltd.,Tier 2,Tier 1
Dongguan Perfect Mould Co. Ltd.,Vinfast . Mfg. And Trading Co. Ltd.,Tier 2,Tier 1
Tti Electronics Asia Pte. Ltd.,Vinfast . Mfg. And Trading Co. Ltd.,Tier 2,Tier 1
Aditya Auto Products & Engineering (India) Pvt. Ltd.,Vinfast Trading And Production Llc,Tier 2,Tier 1
Taizhou Sia Science And Technology,Vinfast Trading And Production JSC,Tier 2,Tier 1
Fev Europe GmbH,Vinfast Trading And Production JSC,Tier 2,Tier 1
Dynamic Electronics (K S) C O Ltd.,Vinfast Trading And Production JSC,Tier 2,Tier 1
Kamax S.L.U,Vinfast Trading And Production JSC,Tier 2,Tier 1
Zf Commercial Vehicle Control Systems India Ltd.,Vinfast Trading And Production Llc,Tier 2,Tier 1
Ykk (Thailand) Co. Ltd.,Vinfast Trading And Production JSC,Tier 2,Tier 1
Jiangsu Huanyu Automotive,CATL,Tier 1,CATL
Botou Xingda Automobile Dies Mfg. Co. Ltd.,Vinfast Trading And Production JSC,Tier 2,Tier 1
Sip Technology(M) Sdn Bhd,Vinfast Trading And Production JSC,Tier 2,Tier 1
Ster Koltuk Sistemleri Sanayi Ve Ticaret Anonim Sirketi,Vinfast Trading And Production JSC,Tier 2,Tier 1
Caglayan Elektronik Sanayi Ve Ticaret Ltd. Sti,Vinfast Trading And Production JSC,Tier 2,Tier 1
Wuhan Saint Technology Co. Ltd.,Vinfast . Mfg. And Trading Co. Ltd.,Tier 2,Tier 1
Syndicate Wiper System P Ltd.,Vinfast Trading And Production Ltd. Liability Co.,Tier 2,Tier 1
Esmak Makine San Ve Dis Tic Ltd. Sti,Vinfast Trading And Production Llc,Tier 2,Tier 1
Acton Technology Pte. Ltd.,Vinfast Trading And Production JSC,Tier 2,Tier 1
Sichuan Saite Refrigeration Co. Ltd.,Vinfast . Mfg. And Trading Co. Ltd.,Tier 2,Tier 1
Anvisgroup Mexico SA De Cv,Vinfast Trading And Production Ltd. Liability Co.,Tier 2,Tier 1
Heksagon Engineering And Design JSC,Vinfast Trading And Production JSC,Tier 2,Tier 1
Hwaseung R&A Co. Ltd.,Vinfast . Mfg. And Trading Co. Ltd.,Tier 2,Tier 1
Norgren Pte. Ltd.,Vinfast Trading And Production JSC,Tier 2,Tier 1
Gf Casting Solutions Altenmarkt GmbH& Co.Kg,Vinfast Trading And Production JSC,Tier 2,Tier 1
Fujian Fuhua Special Glass Co. Ltd.,Vinfast Trading And Production JSC,Tier 2,Tier 1
Trw Sistemas De Frenado S De Rl De Cv,Vinfast Trading And Production JSC,Tier 2,Tier 1
Insac Electronics Private Ltd.,Vinfast Trading And Production Llc,Tier 2,Tier 1
Euwe Eugen Wexler GmbH & Co. Kg,Vinfast Trading And Production JSC,Tier 2,Tier 1
Grupo Antolin India Pvt. Ltd.,Vinfast Trading And Production Llc,Tier 2,Tier 1
Freudenberg Sealing Technologies Sas Di Externa Italia Srl U,Vinfast Trading And Production JSC,Tier 2,Tier 1
Rosenberger Electronics Co. India Pvt. Ltd.,Vinfast Trading And Production JSC,Tier 2,Tier 1
Faurecia Interior Systems (Thailand) Co. Ltd.,Vinfast . Mfg. And Trading Co. Ltd.,Tier 2,Tier 1
Continental Automotive Components (India) Private Ltd.,Vinfast Trading And Production JSC,Tier 2,Tier 1
Continental Tyres (Thailand) Co. L,Vinfast . Mfg. And Trading Co. Ltd.,Tier 2,Tier 1
Dspace GmbH,Vinfast Trading And Production JSC,Tier 2,Tier 1
Liaoning Yimeng Ziwang Carpet,Vinfast . Mfg. And Trading Co. Ltd.,Tier 2,Tier 1
Yancheng Yaoqiang Molding&Parts Technology Co. Ltd.,Vinfast Trading And Production JSC,Tier 2,Tier 1
Cong Ty Tnhh Cong Nghiep Fancy Vietnam,Vinfast Trading And Production JSC,Tier 2,Tier 1
Ningbo Auto Cable Controls Co. Ltd.,Vinfast Trading And Production JSC,Tier 2,Tier 1
Star Auto Parts,CATL,Tier 1,CATL
Fft Produktionssysteme Bmbh And Co.Kg,Vinfast Trading And Production JSC,Tier 2,Tier 1
Suzhou Haige Electronic Control Co. Ltd.,Vinfast Trading And Production JSC,Tier 2,Tier 1
Dtds Technology Pte. Ltd.,Vinfast Trading And Production JSC,Tier 2,Tier 1
Shanghai East Best International Business Development Co. Ltd.(Shinhan),Vinfast . Mfg. And Trading Co. Ltd.,Tier 2,Tier 1
Shenzhen Yudafu Electronic Co. Ltd.,Vinfast . Mfg. And Trading Co. Ltd.,Tier 2,Tier 1
Electricfil Automotive,Vinfast Trading And Production JSC,Tier 2,Tier 1
Faurecia Interior Systems(Tailand) Co. Ltd.,Vinfast Trading And Production JSC,Tier 2,Tier 1
Lapland Proving Ground,CATL,Tier 1,CATL
Digikey Electronic,Vinfast Trading And Production JSC,Tier 2,Tier 1
KACO GmbH & Co. KG,Vinfast . Mfg. And Trading Co. Ltd.,Tier 2,Tier 1
Fancy Vietnam Industry Co. Ltd.,Vinfast Trading And Production Llc,Tier 2,Tier 1
Methode Elecronics Co. Ltd.,Vinfast Trading And Production JSC,Tier 2,Tier 1
Abra Business Links,CATL,Tier 1,CATL
Polyrub Cooper Standard Fts Pvt. Ltd.,Vinfast . Mfg. And Trading Co. Ltd.,Tier 2,Tier 1
Maxion Wheels(Thailand) Co. Ltd.,Vinfast . Mfg. And Trading Co. Ltd.,Tier 2,Tier 1
Woco Tech Elastomere Noida Ltd.,Vinfast . Mfg. And Trading Co. Ltd.,Tier 2,Tier 1
Flash Technology Private Ltd.,Vinfast Trading And Production JSC,Tier 2,Tier 1
Wcs Mexico S De Rl De Cv,Vinfast Trading And Production Llc,Tier 2,Tier 1
Hanil Precision Co. Ltd.,Vinfast Trading And Production JSC,Tier 2,Tier 1
Fft Produktionssysteme GmbH & Co. Kg,Vinfast . Mfg. And Trading Co. Ltd.,Tier 2,Tier 1
Roechling Automotive Chonburi Co. Ltd.,Vinfast Trading And Production JSC,Tier 2,Tier 1
Daehan Calsonic,Vinfast Trading And Production JSC,Tier 2,Tier 1
Stabilus (Jiangsu) Ltd.,Vinfast . Mfg. And Trading Co. Ltd.,Tier 2,Tier 1
Facil Fasteners (Changshu ) Co.,Vinfast Trading And Production JSC,Tier 2,Tier 1
Liwa Environmental Technology,Vinfast . Mfg. And Trading Co. Ltd.,Tier 2,Tier 1
Chargebyte GmbH,Vinfast . Mfg. And Trading Co. Ltd.,Tier 2,Tier 1
Valeo Interior Controls (Shenzhen),Vinfast . Mfg. And Trading Co. Ltd.,Tier 2,Tier 1
Hella Bhap Tianjin Automotive Lighting Co.,Vinfast Trading And Production JSC,Tier 2,Tier 1
N.F.Smith & Associates L.P,Vinfast Trading And Production JSC,Tier 2,Tier 1
Bdsound Srl,Vinfast Trading And Production JSC,Tier 2,Tier 1
Zf Cv Distribution Poland Sp. Z O.O,Vinfast . Mfg. And Trading Co. Ltd.,Tier 2,Tier 1
Ebz Systec GmbH,Vinfast . Mfg. And Trading Co. Ltd.,Tier 2,Tier 1
Shenzhen Basen Technology Co. Ltd.,CATL,Tier 1,CATL
Taizhou Kaihua Automobile Moulds Co. Ltd.,Vinfast Trading And Production JSC,Tier 2,Tier 1
Sam A Aluminium Co. Ltd.,Vinfast Trading And Production JSC,Tier 2,Tier 1
Jiangsu R. Togetherwin Technology Inc.,Vinfast Trading And Production JSC,Tier 2,Tier 1
Indica Industries Pvt. Ltd.,Vinfast . Mfg. And Trading Co. Ltd.,Tier 2,Tier 1
Wuhan Oriental Age Molding Products Co. Ltd. Shanghai Branch Co.,Vinfast . Mfg. And Trading Co. Ltd.,Tier 2,Tier 1
Magna Automotive India Private Ltd.,Vinfast Trading And Production Llc,Tier 2,Tier 1
Fuji Seimitsu Co. Ltd.,Vinfast Trading And Production JSC,Tier 2,Tier 1
Wuxi Mingfang Autoparts Co. Ltd.,Vinfast . Mfg. And Trading Co. Ltd.,Tier 2,Tier 1
Minda Corporation Ltd.,Vinfast Trading And Production Llc,Tier 2,Tier 1
Shanghai Mks Material Technology Co. Ltd.,Vinfast Trading And Production JSC,Tier 2,Tier 1
Marelli Automotive Lighting Malaysi,Vinfast . Mfg. And Trading Co. Ltd.,Tier 2,Tier 1
Bharat Balancing Weightss & Co.,Vinfast Trading And Production Llc,Tier 2,Tier 1
Aunde (Thailand) Co. Ltd.,Vinfast Trading And Production JSC,Tier 2,Tier 1
LG Chem Ltd.,Vinfast Trading And Production JSC,Tier 2,Tier 1
Misensor Tech (Shanghai) Co. Ltd.,Vinfast . Mfg. And Trading Co. Ltd.,Tier 2,Tier 1
Shenzhen Cmmut Co. Ltd.,Vinfast Trading And Production JSC,Tier 2,Tier 1
Shenzhen Cdtech Electronics,Vinfast . Mfg. And Trading Co. Ltd.,Tier 2,Tier 1
Avl Set Wangen,Vinfast Trading And Production JSC,Tier 2,Tier 1
Shenzhen Smartsafe Tech Co. Ltd.,Vinfast Trading And Production JSC,Tier 2,Tier 1
Dongguan Mentech Optical & Magnetic,Vinfast Trading And Production JSC,Tier 2,Tier 1
Hella Asia Singapore Pte. Ltd.,Vinfast Trading And Production JSC,Tier 2,Tier 1
Ast Technologies Co. Ltd.,CATL,Tier 1,CATL
Top Materials Co. Ltd.,Vinfast Trading And Production JSC,Tier 2,Tier 1
Bharath Auto Cables Private Ltd.,Vinfast Trading And Production Llc,Tier 2,Tier 1
Shandong Chongjin Auto Parts Co. Ltd.,Vinfast . Mfg. And Trading Co. Ltd.,Tier 2,Tier 1
Strength Toughening New Material (Shanghai) Co. Ltd.,Vinfast Trading And Production JSC,Tier 2,Tier 1
Powertrain Control Solution,Vinfast Trading And Production JSC,Tier 2,Tier 1
Grand Siam Composites Co. Ltd.,Vinfast Trading And Production JSC,Tier 2,Tier 1
Influx Technology,Vinfast Trading And Production JSC,Tier 2,Tier 1
Mahle Componente De Motor Srl,Vinfast . Mfg. And Trading Co. Ltd.,Tier 2,Tier 1
Mando Corporation,Vinfast Trading And Production JSC,Tier 2,Tier 1
Nova Technology(HK) Co. Ltd.,Vinfast Trading And Production JSC,Tier 2,Tier 1
Mercedes Benz,Mercedes Benz Automotive Trade And Services JSC,Tier 2,Tier 2
Contemporary Amperex,CATL,Tier 1,CATL
Wuhu Atech Automotive Co. Ltd.,Vinfast . Mfg. And Trading Co. Ltd.,Tier 2,Tier 1
Vollmann Presstechnik GmbH & Co. Kg.,Vinfast Trading And Production JSC,Tier 2,Tier 1
Nhk Spring India Ltd.,Vinfast Trading And Production Ltd. Liability Co.,Tier 2,Tier 1
Mtm Auto Parts Shanghai Co. Ltd.,Vinfast . Mfg. And Trading Co. Ltd.,Tier 2,Tier 1
Precision Automation & Robotics India Ltd.,Vinfast Trading And Production JSC,Tier 2,Tier 1
Changzhou Machinery And Equipment Import And Export Co. Ltd.,Vinfast . Mfg. And Trading Co. Ltd.,Tier 1,Tier 1
Jiangsu Yusheng Auto Electronic Technology Co. Ltd.,Vinfast Trading And Production JSC,Tier 2,Tier 1
Caterpillar In,CATL,Tier 1,CATL
Hovol (Shandong) Machinery Technology Co. Ltd.,Vinfast Trading And Production JSC,Tier 2,Tier 1
Ppg Coatings Malaysia Sdn Bhd,Vinfast . Mfg. And Trading Co. Ltd.,Tier 2,Tier 1
Carling Technologies Asia Pacific Ltd.,Vinfast Trading And Production JSC,Tier 2,Tier 1
Huizhou Voir Science & Technology Co. Ltd.,Vinfast Trading And Production JSC,Tier 2,Tier 1
Precision Automation Robotics India Ltd.,Vinfast Trading And Production JSC,Tier 2,Tier 1
C.V.T.Civata Vida Sanayii Ve Ticaret Ltd.Sti.,Vinfast Trading And Production JSC,Tier 2,Tier 1
Anhui Kuntu International Trade Co. Ltd.,Vinfast Trading And Production JSC,Tier 2,Tier 1
Imperial Auto Industries Ltd.,Vinfast Trading And Production Llc,Tier 2,Tier 1
Flexicon Ltd.,Vinfast Trading And Production JSC,Tier 2,Tier 1
Zuellig Pharma Pte. Ltd.,CATL,Tier 1,CATL
Innoviz Technologies Ltd.,Vinfast Trading And Production JSC,Tier 2,Tier 1
Shanghai Benling Scroll Compressor,Vinfast Trading And Production JSC,Tier 2,Tier 1
Chevrolet Sales India Private Ltd.,Vinfast Trading And Production Ltd. Liability Co.,Tier 2,Tier 1
Kayser Automotive Systems Klodzko Sp Zoo,Vinfast Trading And Production JSC,Tier 2,Tier 1
Dongguan Vision Tool & Mould Co. Ltd.,Vinfast Trading And Production JSC,Tier 2,Tier 1
Dongguan Ao Rui Pai,Vinfast Trading And Production JSC,Tier 2,Tier 1
Guangdong Dt Trade Ltd.,Vinfast Trading And Production JSC,Tier 2,Tier 1
Tti Electronics Asia Pte,Vinfast Trading And Production JSC,Tier 2,Tier 1
Dongguan Mission Gauge & Fixture Co. Ltd.,Vinfast . Mfg. And Trading Co. Ltd.,Tier 2,Tier 1
Zf Asia Pacific Pte,Vinfast . Mfg. And Trading Co. Ltd.,Tier 2,Tier 1
Sgs Korea,Vinfast Trading And Production JSC,Tier 2,Tier 1
Suspa Pneumatics India Private Ltd.,Vinfast Trading And Production Llc,Tier 2,Tier 1
A Raymond Singapore Pte,Vinfast Trading And Production JSC,Tier 2,Tier 1
Suzhou Bluestone New Power,Vinfast Trading And Production JSC,Tier 2,Tier 1
Sampa Otomotiv Sanayi Ve Ticaret A.S.,Vinfast Trading And Production JSC,Tier 2,Tier 1
Fev Tr Automotive And Energy Research And Engineering Ltd. Co.,CATL,Tier 1,CATL
Brose Chongqing Automotive Systems Co. Ltd.,Vinfast Trading And Production JSC,Tier 2,Tier 1
Powercase Technology Co. Ltd.,Vinfast . Mfg. And Trading Co. Ltd.,Tier 2,Tier 1
Microheat Technologies (Pty) Ltd.,Vinfast . Mfg. And Trading Co. Ltd.,Tier 2,Tier 1
Mubea Somboon Automotive Co. Li,Vinfast Trading And Production JSC,Tier 2,Tier 1
Tianjin Motor Dies Co. Ltd.,Vinfast Trading And Production JSC,Tier 2,Tier 1
Patvin Engineering Pvt. Ltd.,Vinfast . Mfg. And Trading Co. Ltd.,Tier 2,Tier 1
Zhejiang Hengda Plastic Mould Co. Ltd.,Vinfast Trading And Production JSC,Tier 2,Tier 1
Schaeffler Korea Corp.,Vinfast Trading And Production JSC,Tier 2,Tier 1
Shanghai Daimay Automotive Interior Co. Ltd.,Vinfast . Mfg. And Trading Co. Ltd.,Tier 2,Tier 1
Shanghai Changshun Imp. Exp.Co. Ltd.,Vinfast Trading And Production JSC,Tier 2,Tier 1
Zhejiang Ruitai Suspension System T,Vinfast . Mfg. And Trading Co. Ltd.,Tier 2,Tier 1
Yueqing Bada Photoelectric Technology Shares Co. Ltd.,Vinfast Trading And Production JSC,Tier 2,Tier 1
Zhejiang Wanfeng Auto Wheel,Vinfast Trading And Production JSC,Tier 2,Tier 1
Magna Closures System Integration (Kunshan) Co. Ltd.,Vinfast . Mfg. And Trading Co. Ltd.,Tier 2,Tier 1
Armstrong Odenwald Changchun Aoc Technology Co. Ltd.,Vinfast Trading And Production JSC,Tier 2,Tier 1
India Technical Centerfev India Private Ltd.,Vinfast Trading And Production JSC,Tier 2,Tier 1
Shin Young Co. Ltd.,Vinfast Trading And Production JSC,Tier 2,Tier 1
Fagor Arrasate S. Coop.,Vinfast Trading And Production JSC,Tier 2,Tier 1
Suprajit Automotive Private Ltd.,Vinfast Trading And Production Llc,Tier 2,Tier 1
Suizhou Wanrui Auto Parts Co. Ltd.,Vinfast . Mfg. And Trading Co. Ltd.,Tier 2,Tier 1
Imaginant Inc.,Vinfast Trading And Production JSC,Tier 2,Tier 1
Chevrolet Sales ( Thailand) Ltd.,Vinfast Trading And Production JSC,Tier 2,Tier 1
Chongqing Junge Electronic Technology Co. Ltd.,Vinfast Trading And Production JSC,Tier 2,Tier 1
Zhejiang Jingkai Mould &Plastic Technology Co. Ltd.,Vinfast . Mfg. And Trading Co. Ltd.,Tier 2,Tier 1
Autoliv Mexico SA De Cv,Vinfast Trading And Production Llc,Tier 2,Tier 1
Element14 Pte,Vinfast Trading And Production JSC,Tier 2,Tier 1
Gestamp Kartek Corporation,Vinfast Trading And Production JSC,Tier 2,Tier 1
Samsung Sdi (Tianjin) Battery Co.,Vinfast Trading And Production JSC,Tier 2,Tier 1
Xinyi Automobile Parts (Wuhu) Co. Ltd.,Vinfast . Mfg. And Trading Co. Ltd.,Tier 2,Tier 1
Shenzhen Wengao Electronic Co. Ltd.,Vinfast . Mfg. And Trading Co. Ltd.,Tier 2,Tier 1
Cong Ty Tnhh Kansai Felt (Vietnam),Vinfast . Mfg. And Trading Co. Ltd.,Tier 2,Tier 1
Global Connections Public Co. Ltd.,Vinfast Trading And Production JSC,Tier 2,Tier 1
Influx Asia Technology Co. Ltd.,Vinfast Trading And Production JSC,Tier 2,Tier 1
Reliance Industries Ltd.,CATL,Tier 1,CATL
Anhui Heli Industrial Vehicle Imp. . And Exp. Co . Ltd.,CATL,Tier 1,CATL
Contitech China Rubber & Plastics Technology Ltd.,Vinfast Trading And Production JSC,Tier 2,Tier 1
Atlas Copco Thailand Ltd.,Vinfast Trading And Production JSC,Tier 2,Tier 1
Continental Temic Electronics (Phil) Inc.,Vinfast Trading And Production JSC,Tier 2,Tier 1
Ningbo Fucneng International Co. Ltd.,Vinfast Trading And Production JSC,Tier 2,Tier 1
Samshin Chemical Co. Ltd.,Vinfast . Mfg. And Trading Co. Ltd.,Tier 2,Tier 1
Select Down Arrow For Options,Vinfast Trading And Production JSC,Tier 2,Tier 1
Cong Ty Tnhh Tokyo Byokane Vietnam,Vinfast Trading And Production JSC,Tier 2,Tier 1
Facil Europe Bvba,Vinfast . Mfg. And Trading Co. Ltd.,Tier 2,Tier 1
Fuzhou Mingfang Automobile Parts Industry Co. Ltd.,Vinfast . Mfg. And Trading Co. Ltd.,Tier 2,Tier 1
Yangzhou Dongsheng Automotive Co. Ltd.,Vinfast Trading And Production JSC,Tier 2,Tier 1
Guangzhou Kingkee Metal Mfg. Ltd.,Vinfast Trading And Production JSC,Tier 2,Tier 1
Suprajit Automotive Private Ltd.,Vinfast Trading And Production Ltd. Liability Co.,Tier 2,Tier 1
Hl Mando (Suzhou) Automotive System Co. Ltd.,Vinfast Trading And Production JSC,Tier 2,Tier 1
Kostal (Shanghai) Management Co. Ltd.,Vinfast . Mfg. And Trading Co. Ltd.,Tier 2,Tier 1
Knorr Bremse Asia Pacific (Holding),Vinfast Trading And Production JSC,Tier 2,Tier 1
Shanghai Baolong Sales Co. Ltd.,Vinfast Trading And Production JSC,Tier 2,Tier 1
Kpit Technologies Ltd.,Vinfast Trading And Production JSC,Tier 2,Tier 1
Wabco Asia Pte. Ltd.,Vinfast . Mfg. And Trading Co. Ltd.,Tier 2,Tier 1
Cong Ty Tnhh Michang Vietnam,Vinfast Trading And Production JSC,Tier 2,Tier 1
Tata Autocomp Systems Ltd.,Vinfast Trading And Production JSC,Tier 2,Tier 1
Wenzhou Soush Imp.&Exp. Trade Co. Ltd.,Vinfast Trading And Production JSC,Tier 2,Tier 1
Guohong Tools System Wuxi Co. Ltd.,Vinfast Trading And Production JSC,Tier 2,Tier 1
Aditya Auto Products & Engg (I) Pvt. Ltd.,Vinfast Trading And Production JSC,Tier 2,Tier 1
Zhangjiagang Uchen New Energy Technology Co. Ltd.,Vinfast Trading And Production JSC,Tier 2,Tier 1
Yongfeng Hangsheng Electronics Co. Ltd.,Vinfast Trading And Production JSC,Tier 2,Tier 1
Teq SA,Vinfast Trading And Production JSC,Tier 2,Tier 1
Chongqing Huiguan Mechanical & Electrical Products Co. Ltd.,Vinfast . Mfg. And Trading Co. Ltd.,Tier 2,Tier 1
Fft Edag Produktionssysteme GmbH & Co.Kg.,Vinfast Trading And Production JSC,Tier 2,Tier 1
K.R. Industries,Vinfast Trading And Production Llc,Tier 2,Tier 1
Cong Ty Tnhh Abeism Vietnam,Vinfast . Mfg. And Trading Co. Ltd.,Tier 2,Tier 1
Vinfast Engineering Australia,Vinfast Trading And Production JSC,Tier 2,Tier 1
Top Level Launch Automotive Technology (Liaoning) Co. Ltd.,Vinfast Trading And Production JSC,Tier 2,Tier 1
Beijing West Industries (Shanghai),Vinfast Trading And Production JSC,Tier 2,Tier 1
Magna Boco GmbH,Vinfast Trading And Production JSC,Tier 2,Tier 1
Noble Industries,CATL,Tier 1,CATL
Mahle Industrial Thermal Systems (Tianjin) Co. Ltd.,Vinfast Trading And Production JSC,Tier 2,Tier 1
Foryou Multimedia Electronics Co. Ltd.,Vinfast . Mfg. And Trading Co. Ltd.,Tier 2,Tier 1
Langfang Great Wall Automotive Trim Co. Ltd.,Vinfast Trading And Production JSC,Tier 2,Tier 1
Brawe Spol. S R.O.,Vinfast Trading And Production JSC,Tier 2,Tier 1
Willi Elbe Steering Systems (Nanjing) Co. Ltd.,Vinfast Trading And Production JSC,Tier 2,Tier 1
Seagal International Exp.,CATL,Tier 1,CATL
Cytech Systems Ltd.,Vinfast Trading And Production JSC,Tier 2,Tier 1
Seg Automotive Products (China) Co.,Vinfast . Mfg. And Trading Co. Ltd.,Tier 2,Tier 1
Huf India Private Ltd.,Vinfast Trading And Production Llc,Tier 2,Tier 1
Best Prototypes Mfg. Co. Ltd.,Vinfast Trading And Production JSC,Tier 2,Tier 1
Stahlschmidt Ltd.,Vinfast Trading And Production JSC,Tier 2,Tier 1
Precision Automation & Robotics India Private Ltd.,Vinfast Trading And Production JSC,Tier 2,Tier 1
Fujian Nebula Electronics Co. Ltd.,CATL,Tier 1,CATL
Smith Associates Far East,Vinfast Trading And Production JSC,Tier 2,Tier 1
Dong Guan Qili Power Electronics Co. Ltd.,Vinfast Trading And Production JSC,Tier 2,Tier 1
ITW Automotive Products GmbH & Co. KG,Vinfast . Mfg. And Trading Co. Ltd.,Tier 2,Tier 1
John Braun,CATL,Tier 1,CATL
Shanghai Guan Rui New Energy Technology Co. Ltd.,Vinfast Trading And Production JSC,Tier 2,Tier 1
Guangxi Xinshen Science And Technology Co. Ltd.,Vinfast Trading And Production JSC,Tier 2,Tier 1
Zhejiang Asia Pacific Mechanical & Electronic Co. Ltd.,Vinfast . Mfg. And Trading Co. Ltd.,Tier 2,Tier 1
Zhejiang Kaihua Moulds Co. Ltd.,Vinfast Trading And Production JSC,Tier 2,Tier 1
Changzhou Bwi Auto Electronic Technology Co. Ltd.,Vinfast . Mfg. And Trading Co. Ltd.,Tier 2,Tier 1
Shenzhen Starmax Energy Technolgy Co. Ltd.,CATL,Tier 1,CATL
Brose Schliebsysteme GmbH & Co.Kommanditgesellschaft,Vinfast Trading And Production JSC,Tier 2,Tier 1
Vinfast Trading And Production JSC,CATL,Tier 1,CATL
Auto Kabel Of North America Inc.,Vinfast Trading And Production JSC,Tier 2,Tier 1
Brose Chongqing Automotive Systems,Vinfast Trading And Production JSC,Tier 2,Tier 1
Vinfast USA Distribution Llc,Vinfast Trading And Production JSC,Tier 2,Tier 1
Automotive Industry Action Group,Vinfast . Mfg. And Trading Co. Ltd.,Tier 2,Tier 1
Youngmin Hi Tech Co. Ltd.,Vinfast Trading And Production JSC,Tier 2,Tier 1
Heilind Asia Pacific (Sg) Pte. Ltd.,Vinfast Trading And Production JSC,Tier 2,Tier 1
Guangxi Bangyou Trade Co. Ltd.,CATL,Tier 1,CATL
Wuhu Golden Safety System Co. Ltd.,Vinfast Trading And Production JSC,Tier 2,Tier 1
Yubei Steering System Xinxiang Co L,Vinfast . Mfg. And Trading Co. Ltd.,Tier 2,Tier 1
Vinfast Auto Canada Inc. (Viauca),Vinfast Trading And Production JSC,Tier 2,Tier 1
Tenneco Automotive India Private Ltd.,Vinfast Trading And Production Llc,Tier 2,Tier 1
Aceinna Inc.,Vinfast Trading And Production JSC,Tier 2,Tier 1
Langfang Longjida Metal Parts Co. Ltd.,Vinfast . Mfg. And Trading Co. Ltd.,Tier 2,Tier 1
Erae Ams Corporation Ltd.,Vinfast Trading And Production JSC,Tier 2,Tier 1
Mubea Automotive Components India Private Ltd.,Vinfast Trading And Production Llc,Tier 2,Tier 1
Liaoning Top Level Design Engineering Co. Ltd.,Vinfast Trading And Production JSC,Tier 2,Tier 1
Flash Technology Pte. Ltd.,Vinfast Trading And Production JSC,Tier 2,Tier 1
Vinfast Trading And Production Ltd. Liability Co.,CATL,Tier 1,CATL
East Joy Long Automotive Electronic,Vinfast Trading And Production JSC,Tier 2,Tier 1
Dynamic Exports,Vinfast Trading And Production Ltd. Liability Co.,Tier 2,Tier 1
Turna Ahsap Insaat San Ve Tic. Ltd. Sti,Vinfast Trading And Production JSC,Tier 2,Tier 1
Jiangsu Weikete Auto Parts Co. Ltd.,Vinfast . Mfg. And Trading Co. Ltd.,Tier 2,Tier 1
Arrow Electronics,Vinfast Trading And Production JSC,Tier 2,Tier 1
Grob Werke GmbH & Co Kg,Vinfast . Mfg. And Trading Co. Ltd.,Tier 2,Tier 1
Mahle Behr,Vinfast Trading And Production JSC,Tier 2,Tier 1
Yidebao Technology Development,Vinfast . Mfg. And Trading Co. Ltd.,Tier 2,Tier 1
Mutlu Battery And Materials Industry JSC,CATL,Tier 1,CATL
Shandong Linglong Tyre Co. Ltd.,Vinfast . Mfg. And Trading Co. Ltd.,Tier 2,Tier 1
Suzhou Blue Stone New Power Co. Ltd.,Vinfast Trading And Production JSC,Tier 2,Tier 1
Hongkong Longshenghang Co. Ltd.,CATL,Tier 1,CATL
Dsa China Electronic Technology Co. Ltd.,Vinfast Trading And Production JSC,Tier 2,Tier 1
Kamax S.L.U,Vinfast . Mfg. And Trading Co. Ltd.,Tier 2,Tier 1
Itw India,Vinfast . Mfg. And Trading Co. Ltd.,Tier 2,Tier 1
Fev Tr Otomotiv Ve Enerji Arastirma Ve Muhendislik Ltd. Sti,Vinfast Trading And Production JSC,Tier 2,Tier 1
Guangzhou Tokai Minth,Vinfast Trading And Production JSC,Tier 2,Tier 1
Botou Xingda Automobile Dies Mfg. Co. Ltd.,Vinfast . Mfg. And Trading Co. Ltd.,Tier 2,Tier 1
Zhejiang Wanfeng Auto Wheel Co. Ltd.,Vinfast Trading And Production JSC,Tier 2,Tier 1
Ster Koltuk Sistemleri Sanayi Ve Ticaret Anonim Sirketi,Vinfast . Mfg. And Trading Co. Ltd.,Tier 2,Tier 1
Senagro Tarim Zirai Ilac Food Plastic Construction Automotive Mining Industry And Trade Ltd. Co.,CATL,Tier 1,CATL
Tiee Ing Plastics Granulating Co. Ltd.,Vinfast Trading And Production JSC,Tier 2,Tier 1
Shihlin Electric & Engineering Corp.,Vinfast Trading And Production JSC,Tier 2,Tier 1
Sk Imp. & Exp. Technology Co. Ltd.,Vinfast Trading And Production JSC,Tier 2,Tier 1
Hirose Electric Singapore Pte. Ltd.,Vinfast Trading And Production JSC,Tier 2,Tier 1
Caglayan Elektronik Sanayi Ve Ticaret Ltd. Sti,Vinfast . Mfg. And Trading Co. Ltd.,Tier 2,Tier 1
Aditya Auto Products & Engineering India Pvt. Ltd.,Vinfast Trading And Production JSC,Tier 2,Tier 1
Gm Korea,Vinfast Trading And Production JSC,Tier 2,Tier 1
Malaysian Institute Of Road Safety Rese,Vinfast Trading And Production JSC,Tier 2,Tier 1
Guangzhou NV Automobile Parts Co. Ltd.,Vinfast Trading And Production JSC,Tier 2,Tier 1
Viet My Sofa Production And Trading JSC,CATL,Tier 1,CATL
Acton Technology Pte. Ltd.,Vinfast . Mfg. And Trading Co. Ltd.,Tier 2,Tier 1
Pha Co. Ltd.,Vinfast Trading And Production JSC,Tier 2,Tier 1
Muegge GmbH,CATL,Tier 1,CATL
Indica Industries Private Ltd.,Vinfast Trading And Production Llc,Tier 2,Tier 1
Kingfisher,CATL,Tier 1,CATL
Borgwarner Hungary Kft,Vinfast Trading And Production JSC,Tier 2,Tier 1
Shenzhen Dynanomic Co. Ltd.,Vinfast . Mfg. And Trading Co. Ltd.,Tier 2,Tier 1
Cong Ty Tnhh Atarih Precision (Vietnam),Vinfast Trading And Production JSC,Tier 2,Tier 1
Gf Casting Solutions Altenmarkt GmbH& Co.Kg,Vinfast . Mfg. And Trading Co. Ltd.,Tier 2,Tier 1
Lantek International Trade Ltd.,Vinfast . Mfg. And Trading Co. Ltd.,Tier 2,Tier 1
Namsun Aluminum Co. Ltd. Automotive Parts,Vinfast Trading And Production JSC,Tier 2,Tier 1
Fujian Fuhua Special Glass Co. Ltd.,Vinfast . Mfg. And Trading Co. Ltd.,Tier 2,Tier 1
Ningbo Ketian Magnet Co. Ltd.,Vinfast Trading And Production JSC,Tier 2,Tier 1
Tristone Flowtech India Pvt. Ltd.,Vinfast Trading And Production JSC,Tier 2,Tier 1
Gz Tooling Group Co. Ltd.,Vinfast . Mfg. And Trading Co. Ltd.,Tier 2,Tier 1
Yantai Dongxing Magnetic Materials,Vinfast Trading And Production JSC,Tier 2,Tier 1
Brocare Solutions Pte. Ltd.,Vinfast Trading And Production JSC,Tier 2,Tier 1
Fev India Pvt. Ltd.,Vinfast Trading And Production JSC,Tier 2,Tier 1
Moonlight Auto Private Ltd.,Vinfast Trading And Production Llc,Tier 2,Tier 1
Wurth Electronics Singapore Pte,Vinfast Trading And Production JSC,Tier 2,Tier 1
Taizhou Huangyan Dedao Die Mfg. Co. Ltd.,Vinfast . Mfg. And Trading Co. Ltd.,Tier 2,Tier 1
Catl Contemporary Amperex Tech,CATL,Tier 1,CATL
Wechip Pte Co. Ltd.,Vinfast Trading And Production JSC,Tier 2,Tier 1
Linamar India Pvt. Ltd.,Vinfast Trading And Production JSC,Tier 2,Tier 1
Skywill Electronics Technology Ltd.,Vinfast . Mfg. And Trading Co. Ltd.,Tier 2,Tier 1
Heksagon Muhendislik Ve Tasarim A.S Taysad Osb Subesi,Vinfast Trading And Production JSC,Tier 2,Tier 1
Rosenberger Electronics Co. India Pvt. Ltd.,Vinfast . Mfg. And Trading Co. Ltd.,Tier 2,Tier 1
Chengdu Khons Technology Co. Ltd.,Vinfast Trading And Production JSC,Tier 2,Tier 1
Iwis Engine Systems (Pinghu) Co. Ltd.,Vinfast Trading And Production JSC,Tier 2,Tier 1
Dalian Yaming Auto Parts Manufacturing Co. Ltd.,Vinfast . Mfg. And Trading Co. Ltd.,Tier 2,Tier 1
Velocity Electronics Asia Pte. Ltd.,Vinfast Trading And Production JSC,Tier 2,Tier 1
Amphenol Omniconnect India Pvt. Ltd.,Vinfast Trading And Production JSC,Tier 2,Tier 1
Yancheng Yaoqiang Molding&Parts Technology Co. Ltd.,Vinfast . Mfg. And Trading Co. Ltd.,Tier 2,Tier 1
Exxonmobilchemical Asia Pacific,Vinfast Trading And Production JSC,Tier 2,Tier 1
Asahi Kasei Plastics Singapore,Vinfast Trading And Production JSC,Tier 2,Tier 1
Hella Xiamen Electronic Device Co. Ltd.,Vinfast Trading And Production JSC,Tier 2,Tier 1
Chevrolet Sales Thailand Ltd.,Vinfast Trading And Production JSC,Tier 2,Tier 1
Ningbo Auto Cable Controls Co. Ltd.,Vinfast . Mfg. And Trading Co. Ltd.,Tier 2,Tier 1
Fft Produktionssysteme Bmbh And Co.Kg,Vinfast . Mfg. And Trading Co. Ltd.,Tier 2,Tier 1
Wt Microelectronics Singapore Pte. Ltd.,Vinfast Trading And Production JSC,Tier 2,Tier 1
Hutchinson Antivibration Systems,Vinfast Trading And Production JSC,Tier 2,Tier 1
Hella Bhap (San He) Automotive Lighting Co. Ltd.,Vinfast Trading And Production JSC,Tier 2,Tier 1
Right Tight Fastners Private Ltd.,Vinfast Trading And Production Ltd. Liability Co.,Tier 2,Tier 1
Gestamp Auto Components (Shen Yang) Co. Ltd.,Vinfast Trading And Production JSC,Tier 2,Tier 1
S. Syndicate Wiper Systems Private Ltd.,Vinfast Trading And Production JSC,Tier 2,Tier 1
Bossard (M) Sdn.Bhd,Vinfast Trading And Production JSC,Tier 2,Tier 1
Hainachuan Haila (Sanhe) Lamp Co. Ltd.,Vinfast . Mfg. And Trading Co. Ltd.,Tier 2,Tier 1
Xiamen Bod Electronics Co. Ltd.,Vinfast Trading And Production JSC,Tier 2,Tier 1
Suzhou Mobase Electronics Co. Ltd.,Vinfast Trading And Production JSC,Tier 2,Tier 1
Kongsberg Automotive Wuxi Co. Ltd.,Vinfast Trading And Production JSC,Tier 2,Tier 1
Eisenmann Service GmbH & Co..Kg,Vinfast Trading And Production JSC,Tier 2,Tier 1
Industrias Del Recambio India,Vinfast Trading And Production Ltd. Liability Co.,Tier 2,Tier 1
Toray Plastics (M) Sdn Bhd,Vinfast . Mfg. And Trading Co. Ltd.,Tier 2,Tier 1
Methode Elecronics Co. Ltd.,Vinfast . Mfg. And Trading Co. Ltd.,Tier 2,Tier 1
Vinfast . Mfg. And Trading Co. Ltd.,CATL,Tier 1,CATL
Mando Corporation.,Vinfast Trading And Production JSC,Tier 2,Tier 1
Interplex Electronic Hz Co. Ltd.,Vinfast Trading And Production JSC,Tier 2,Tier 1
Right Tight Fastners Pvt. Ltd.,Vinfast Trading And Production JSC,Tier 2,Tier 1
Prec Cast Foundry Ltd.,Vinfast Trading And Production JSC,Tier 2,Tier 1
Shanghai East Best Foreign Trade Co. Ltd.,Vinfast Trading And Production JSC,Tier 2,Tier 1
Akg Thermal Systems International GmbH,Vinfast Trading And Production JSC,Tier 2,Tier 1
Cong Ty Tnhh Dien Tu Gaoqi (Vietnam),CATL,Tier 1,CATL
Fev India Private Ltd.,Vinfast Trading And Production Llc,Tier 1,Tier 1
Chengdu Huachuan Electric Parts Co. Ltd.,Vinfast Trading And Production JSC,Tier 2,Tier 1
Shanghai Trion Industrial Co. Ltd.,Vinfast . Mfg. And Trading Co. Ltd.,Tier 2,Tier 1
Xian Isrihuatai Automotive Seating,Vinfast Trading And Production JSC,Tier 2,Tier 1
Link Engineering Co.,Vinfast . Mfg. And Trading Co. Ltd.,Tier 2,Tier 1
Facil Fasteners (Changshu ) Co.,Vinfast . Mfg. And Trading Co. Ltd.,Tier 2,Tier 1
Sgs Cstc Standards Technical Services Co. Ltd. Yingkou Branch,Vinfast Trading And Production JSC,Tier 2,Tier 1
Nova Technology (HK) Co. Ltd.,Vinfast Trading And Production JSC,Tier 2,Tier 1
Ananda Drive Techniques (Jiangsu) Co. Ltd.,Vinfast . Mfg. And Trading Co. Ltd.,Tier 2,Tier 1
Avl Sea & Australia Co. Ltd.,Vinfast Trading And Production JSC,Tier 2,Tier 1
Bossard (M) Sdn Bhd,Vinfast Trading And Production JSC,Tier 2,Tier 1
Teknorot Otomotiv Urunleri Sanayi Ve Ticaret As / Ltd. Otomotiv Tic As,Vinfast . Mfg. And Trading Co. Ltd.,Tier 2,Tier 1
Hella Bhap Tianjin Automotive Lighting Co.,Vinfast . Mfg. And Trading Co. Ltd.,Tier 2,Tier 1
Performance Micro International Pte,Vinfast . Mfg. And Trading Co. Ltd.,Tier 2,Tier 1
Hainan Redxia Industry Co. Ltd.,Vinfast Trading And Production JSC,Tier 2,Tier 1
Elring Klinger AG,Vinfast Trading And Production JSC,Tier 2,Tier 1
Vinfast Germany GmbH,Vinfast Trading And Production JSC,Tier 2,Tier 1
Carling Technologies Asia Pacific,Vinfast Trading And Production JSC,Tier 2,Tier 1
United Alloy Tech Co. Ltd.,Vinfast Trading And Production JSC,Tier 2,Tier 1
Future Electronics Distribution Pte,Vinfast Trading And Production JSC,Tier 2,Tier 1
Josefmackgmbh& Cokg,Vinfast Trading And Production JSC,Tier 2,Tier 1
Sanel Sanayi Elektronigi Mfg. And Trade JSC,Vinfast Trading And Production JSC,Tier 2,Tier 1
Pvr Controls,CATL,Tier 1,CATL
Chinatool Automotive Components Ltd.,Vinfast Trading And Production JSC,Tier 2,Tier 1
Shanxi Zhonghangjinheng Technology Co. Ltd.,Vinfast Trading And Production JSC,Tier 2,Tier 1
Taizhou Kaihua Automobile Moulds Co. Ltd.,Vinfast . Mfg. And Trading Co. Ltd.,Tier 2,Tier 1
Gestamp Automotive Chennai Private Ltd.,Vinfast Trading And Production Llc,Tier 2,Tier 1
Teijin Corporation Thailand Ltd.,Vinfast Trading And Production JSC,Tier 2,Tier 1
Charm Line Trading Ltd.,CATL,Tier 1,CATL
Gujarat Fluorochemicals Ltd.,CATL,Tier 1,CATL
Jiangsu R. Togetherwin Technology Inc.,Vinfast . Mfg. And Trading Co. Ltd.,Tier 2,Tier 1
Ellamp Asia Pacific Yilanpu Qiche Neishijian (Beijing) Ltd.,Vinfast . Mfg. And Trading Co. Ltd.,Tier 2,Tier 1
Smix B.V,Vinfast Trading And Production JSC,Tier 2,Tier 1
Changchun Mann+Hummel Faway Filter,Vinfast Trading And Production JSC,Tier 2,Tier 1
Lishui Booming Industry And Trade Co. Ltd.,Vinfast Trading And Production JSC,Tier 2,Tier 1
Vt Eivolt Technology Co . Ltd.,Vinfast Trading And Production JSC,Tier 2,Tier 1
Aunde (Thailand) Co. Ltd.,Vinfast . Mfg. And Trading Co. Ltd.,Tier 2,Tier 1
Payeplast Plastik Sanayi Ve Ticaret Anonim Sirketi,Vinfast Trading And Production JSC,Tier 2,Tier 1
Zf Lemforder Tlm Disticaret Ltd.Sti.,Vinfast Trading And Production Ltd. Liability Co.,Tier 2,Tier 1
Seojin Vietnam Ltd. Co.,CATL,Tier 1,CATL
Lipers Enterprise Co. Ltd.,Vinfast . Mfg. And Trading Co. Ltd.,Tier 2,Tier 1
LG Chem Ltd.,Vinfast . Mfg. And Trading Co. Ltd.,Tier 2,Tier 1
Alfa Rubber And Springs Private Ltd.,Vinfast Trading And Production Llc,Tier 2,Tier 1
Beijing Easpring Material Technolog,Vinfast . Mfg. And Trading Co. Ltd.,Tier 2,Tier 1
Uwave Technology (Hongkong) Co. Ltd.,Vinfast Trading And Production JSC,Tier 2,Tier 1
Mcc Labels Industries (Kuala Lumpur) Sdn. Bhd.,Vinfast . Mfg. And Trading Co. Ltd.,Tier 2,Tier 1
Goodyear Dunlop Tires Operations SA,Vinfast Trading And Production JSC,Tier 2,Tier 1
Magna Automotive Exteriors (Shanghai) Co. Ltd.,Vinfast Trading And Production JSC,Tier 2,Tier 1
Wuhu Changpeng Automobile Spare Part Co. Ltd.,Vinfast Trading And Production JSC,Tier 2,Tier 1
Lear Automotive India Pvt. Ltd.,Vinfast Trading And Production JSC,Tier 2,Tier 1
Continental Automotive Brake Systems (I) Pvt. Ltd.,Vinfast Trading And Production JSC,Tier 2,Tier 1
Anhui Ruizhuo Auto Parts Co. Ltd.,Vinfast Trading And Production JSC,Tier 2,Tier 1
Zhejiang Hangcha Imp. & Exp. . Co. Ltd.,CATL,Tier 1,CATL
Strength Toughening New Material (Shanghai) Co. Ltd.,Vinfast . Mfg. And Trading Co. Ltd.,Tier 2,Tier 1
G Tekt Eastern Co. Ltd.,Vinfast . Mfg. And Trading Co. Ltd.,Tier 2,Tier 1
Avl Sea Australia,Vinfast Trading And Production JSC,Tier 2,Tier 1
Onyx Aps,Vinfast Trading And Production JSC,Tier 2,Tier 1
Tata Technologies /In,Vinfast Trading And Production JSC,Tier 2,Tier 1
Ningbo Shunjiang Auto Parts Mfg. Co. Ltd.,Vinfast Trading And Production JSC,Tier 2,Tier 1
Srf Testing And Certification (Changzhou) Co. Ltd.,Vinfast Trading And Production JSC,Tier 2,Tier 1
I Built It,CATL,Tier 1,CATL
Nova Technology(HK) Co. Ltd.,Vinfast . Mfg. And Trading Co. Ltd.,Tier 2,Tier 1
Ciael Singapore Private Ltd.,CATL,Tier 1,CATL
Fusion Advantec Co. Ltd.,Vinfast Trading And Production JSC,Tier 2,Tier 1
Contitech Vibration Control Slovakia S.R.O.,Vinfast Trading And Production JSC,Tier 2,Tier 1
Neusoft Group Co. Ltd.,Vinfast Trading And Production JSC,Tier 2,Tier 1
Hella Bhap(Sanhe) Automotive Lightin,Vinfast Trading And Production JSC,Tier 2,Tier 1
Chiyoda Integre Vietnam Co. Ltd.,Vinfast Trading And Production JSC,Tier 2,Tier 1
Quanta Computer Inc.,Vinfast . Mfg. And Trading Co. Ltd.,Tier 2,Tier 1
Precision Automation & Robotics India Ltd.,Vinfast . Mfg. And Trading Co. Ltd.,Tier 2,Tier 1
Gustav Magenwirth GmbH & Co. Kg,Vinfast Trading And Production JSC,Tier 2,Tier 1
Jiangsu Yusheng Auto Electronic Technology Co. Ltd.,Vinfast . Mfg. And Trading Co. Ltd.,Tier 2,Tier 1
Nhk Spring India Ltd.,Vinfast Trading And Production JSC,Tier 2,Tier 1
Taizhou Jingchaoli Mould & Plastic Co. Ltd.,Vinfast Trading And Production JSC,Tier 2,Tier 1
Orsan Commercial Vehicle Systems Ltd. Co.,Vinfast Trading And Production JSC,Tier 2,Tier 1
Torino Design,Vinfast Trading And Production JSC,Tier 2,Tier 1
Bilsing Automation Czech S.R.O.,Vinfast . Mfg. And Trading Co. Ltd.,Tier 2,Tier 1
Intl Paper Co. Row,CATL,Tier 1,CATL
Hovol (Shandong) Machinery Technology Co. Ltd.,Vinfast . Mfg. And Trading Co. Ltd.,Tier 2,Tier 1
Zhixuan Auto Parts (Kunshan) Co. Ltd.,Vinfast Trading And Production JSC,Tier 2,Tier 1
Auto Cable,Vinfast Trading And Production JSC,Tier 2,Tier 1
Shanghai Sachs Huizhong Shock Absorber Co. Ltd.,Vinfast Trading And Production JSC,Tier 2,Tier 1
Anhui Kuntu International Trade Co. Ltd.,Vinfast . Mfg. And Trading Co. Ltd.,Tier 2,Tier 1
Zf Automotive Technologies,Vinfast Trading And Production JSC,Tier 2,Tier 1
Kayser Automotive Systems Klodzko Sp Zoo,Vinfast . Mfg. And Trading Co. Ltd.,Tier 2,Tier 1
Horauf & Kohler GmbH,Vinfast Trading And Production JSC,Tier 2,Tier 1
Campbell Scientific Inc.,CATL,Tier 1,CATL
Dongguan Vision Tool & Mould Co. Ltd.,Vinfast . Mfg. And Trading Co. Ltd.,Tier 2,Tier 1
Linamar India Private Ltd.,Vinfast Trading And Production Ltd. Liability Co.,Tier 2,Tier 1
Taizhou Zhexin Technology Co. Ltd.,Vinfast Trading And Production JSC,Tier 2,Tier 1
Schieffer Industries Romania Srl,Vinfast Trading And Production JSC,Tier 2,Tier 1
Shanghai Phoenix Industrial Co. Ltd.,Vinfast Trading And Production JSC,Tier 2,Tier 1
Hema Exim Ticaret Anonim Sirketi,Vinfast Trading And Production JSC,Tier 2,Tier 1
Tbp Tovarna Bovdenov In Plastike D.D.,Vinfast Trading And Production JSC,Tier 2,Tier 1
Dongguan Shenpeng Electronics Co. Ltd.,Vinfast Trading And Production JSC,Tier 2,Tier 1
Cong Ty Tnhh Atarih Precision,Vinfast Trading And Production JSC,Tier 2,Tier 1
Dynamic Electronics Co. Ltd.,Vinfast Trading And Production JSC,Tier 2,Tier 1
Suzhou Bluestone New Power,Vinfast . Mfg. And Trading Co. Ltd.,Tier 2,Tier 1
Austem Co. Ltd.,Vinfast Trading And Production JSC,Tier 2,Tier 1
Kumar International,CATL,Tier 1,CATL
Tianjin Longchuang Shiji Automotive Technical Co. Ltd.,Vinfast Trading And Production JSC,Tier 2,Tier 1
Future Electronics Inc.,Vinfast Trading And Production JSC,Tier 2,Tier 1
Yilka Otomotiv Ve Rayli Arac Teknol Ojileri As,Vinfast Trading And Production JSC,Tier 2,Tier 1
Texas Instruments China Sales Ltd.,Vinfast Trading And Production JSC,Tier 2,Tier 1
Mubea Somboon Automotive Co. Li,Vinfast . Mfg. And Trading Co. Ltd.,Tier 2,Tier 1
Tianjin Motor Dies Co. Ltd.,Vinfast . Mfg. And Trading Co. Ltd.,Tier 2,Tier 1
Ningbo Rapid Imp. Exp. Co. Ltd.,Vinfast Trading And Production JSC,Tier 2,Tier 1
Zhejiang Hengda Plastic Mould Co. Ltd.,Vinfast . Mfg. And Trading Co. Ltd.,Tier 2,Tier 1
Plasser & Theurer Exp. Von Bahnbaumaschinen Gesellschaft M.B.H.,CATL,Tier 1,CATL
Shanghai Changshun Imp. Exp.Co. Ltd.,Vinfast . Mfg. And Trading Co. Ltd.,Tier 2,Tier 1
Guangdong Magna Automotive Mirrors Co. Ltd.,Vinfast Trading And Production JSC,Tier 2,Tier 1
Yueqing Bada Photoelectric Technology Shares Co. Ltd.,Vinfast . Mfg. And Trading Co. Ltd.,Tier 2,Tier 1
Shanghai Phoenix Industrial Ltd.,Vinfast Trading And Production JSC,Tier 2,Tier 1
Zhejiang Wanfeng Auto Wheel,Vinfast . Mfg. And Trading Co. Ltd.,Tier 2,Tier 1
Papers Catalunya Sl,CATL,Tier 1,CATL
Neusoft Corporation,Vinfast Trading And Production JSC,Tier 2,Tier 1
Kns Otomotiv San. Ve Tic. A.S,Vinfast Trading And Production JSC,Tier 2,Tier 1
Shenzhen Qianlan Industrial Technology Co. Ltd.,Vinfast Trading And Production JSC,Tier 2,Tier 1
Tung Thih Electron,Vinfast Trading And Production JSC,Tier 2,Tier 1
Yourtruckshop Inc.,CATL,Tier 1,CATL
Thyssenkrupp System Engineering GmbH,Vinfast Trading And Production JSC,Tier 2,Tier 1
Ppg Coatings (M) Sdn Bhd,Vinfast Trading And Production JSC,Tier 2,Tier 1
Vektor Informatik GmbH,Vinfast Trading And Production JSC,Tier 2,Tier 1
Anthony Best Dynamics Ltd.,Vinfast Trading And Production JSC,Tier 2,Tier 1
Chongqing Junge Electronic Technology Co. Ltd.,Vinfast . Mfg. And Trading Co. Ltd.,Tier 2,Tier 1
Shanghai Cj Magnet Industry Co. Ltd.,Vinfast . Mfg. And Trading Co. Ltd.,Tier 2,Tier 1
Servo Robot Japan Co. Ltd.,Vinfast Trading And Production JSC,Tier 2,Tier 1
Kemkraft Engineering Inc.,Vinfast Trading And Production JSC,Tier 2,Tier 1
Rosenberger Interconneet India Private Ltd.,Vinfast Trading And Production JSC,Tier 2,Tier 1
Suzhou Antolin Automotive Interiors,Vinfast . Mfg. And Trading Co. Ltd.,Tier 2,Tier 1
Ningbo Yingshang Trading Co. Ltd.,Vinfast Trading And Production JSC,Tier 2,Tier 1
Rosenberger Interconnect India Private Ltd.,Vinfast Trading And Production JSC,Tier 2,Tier 1
Norgren Mfg. Co. Ltd.,Vinfast Trading And Production JSC,Tier 2,Tier 1
Defenser Engineering Health And Consultancy Imp. Exp. Trade Ltd. Co.,Vinfast Trading And Production JSC,Tier 2,Tier 1
Vinfast Dealer San Francisco,Vinfast Trading And Production JSC,Tier 2,Tier 1
Novelis China Aluminium Products Co.,Vinfast Trading And Production JSC,Tier 2,Tier 1
Insac Electronics Private Ltd. (The Sac India),Vinfast Trading And Production JSC,Tier 2,Tier 1
Saint Gobain Sekurit (Thailand) Co. Ltd.,Vinfast Trading And Production JSC,Tier 2,Tier 1
Methode Electronics (Suzhou) Co. Ltd.,Vinfast Trading And Production JSC,Tier 2,Tier 1
Paloma Solutions Sdn Bhd,Vinfast Trading And Production JSC,Tier 2,Tier 1
Avic Jonhon Optronic Technology,Vinfast Trading And Production JSC,Tier 2,Tier 1
Voss Automotive Components (Jinan),Vinfast Trading And Production JSC,Tier 2,Tier 1
Bmd P Ltd.,Vinfast . Mfg. And Trading Co. Ltd.,Tier 2,Tier 1
Hl Mando (Suzhou) Automotive System Co. Ltd.,Vinfast . Mfg. And Trading Co. Ltd.,Tier 2,Tier 1
Pro Fine Plastics Sdn Bhd,Vinfast Trading And Production JSC,Tier 2,Tier 1
Revocoat India Private Ltd.,Vinfast Trading And Production Llc,Tier 2,Tier 1
Shanghai Baolong Sales Co. Ltd.,Vinfast . Mfg. And Trading Co. Ltd.,Tier 2,Tier 1
Jujiang Power Technology Co. Ltd.,Vinfast Trading And Production JSC,Tier 2,Tier 1
Tata Autocomp Systems Ltd.,Vinfast . Mfg. And Trading Co. Ltd.,Tier 2,Tier 1
Huizhou Foryou General Electronics,Vinfast Trading And Production JSC,Tier 2,Tier 1
Longcheer Science And Technology Park,Vinfast Trading And Production JSC,Tier 2,Tier 1
Guohong Tools System Wuxi Co. Ltd.,Vinfast . Mfg. And Trading Co. Ltd.,Tier 2,Tier 1
Fev China Co. Ltd.,CATL,Tier 1,CATL
Aditya Auto Products & Engg (I) Pvt. Ltd.,Vinfast . Mfg. And Trading Co. Ltd.,Tier 2,Tier 1
Gates Unitta Power Transmission (Suzhou) Ltd.,Vinfast Trading And Production JSC,Tier 2,Tier 1
Wtc Merchandise,Vinfast Trading And Production JSC,Tier 2,Tier 1
Chongqing Hi Lex Cable System Group,Vinfast Trading And Production JSC,Tier 2,Tier 1
Vinir Engineering Private Ltd.,CATL,Tier 1,CATL
Trioliet BV,CATL,Tier 1,CATL
Tera Science Co. Ltd.,Vinfast Trading And Production JSC,Tier 2,Tier 1
Etas GmbH,Vinfast Trading And Production JSC,Tier 2,Tier 1
Zhejiang Isaac Automotive Technology Co. Ltd.,Vinfast Trading And Production JSC,Tier 2,Tier 1
Empower Scm Ltd. Hn,Vinfast . Mfg. And Trading Co. Ltd.,Tier 2,Tier 1
Shenzhen Hlh Prototypes Co. Ltd.,Vinfast Trading And Production JSC,Tier 2,Tier 1
Magna Boco GmbH,Vinfast . Mfg. And Trading Co. Ltd.,Tier 2,Tier 1
Mahle Industrial Thermal Systems (Tianjin) Co. Ltd.,Vinfast . Mfg. And Trading Co. Ltd.,Tier 2,Tier 1
Kst Components Ltd.,Vinfast Trading And Production JSC,Tier 2,Tier 1
Dynamic Electronics ( Kunshan) Co L,Vinfast Trading And Production JSC,Tier 2,Tier 1
Liuzhou Wuling Automobile Industry,Vinfast . Mfg. And Trading Co. Ltd.,Tier 2,Tier 1
Cytech Systems Ltd.,Vinfast . Mfg. And Trading Co. Ltd.,Tier 2,Tier 1
Wechip Pte. Ltd.,Vinfast Trading And Production JSC,Tier 2,Tier 1
Hefei Softec Auto Electronic Co. Ltd.,Vinfast Trading And Production JSC,Tier 2,Tier 1
Jingzhou Henglong Automotive Parts,Vinfast Trading And Production JSC,Tier 2,Tier 1
Bmd Private Ltd.,Vinfast Trading And Production Llc,Tier 2,Tier 1
Yazaki India Pvt. Ltd.,Vinfast Trading And Production JSC,Tier 2,Tier 1
Jiangsu Tongming Auto Electronic Technology Co. Ltd.,Vinfast Trading And Production JSC,Tier 2,Tier 1
Wipro Pari Private Ltd.,Vinfast Trading And Production Llc,Tier 2,Tier 1
Dayouep Co. Ltd.,Vinfast Trading And Production JSC,Tier 2,Tier 1
L&L Products,Vinfast . Mfg. And Trading Co. Ltd.,Tier 2,Tier 1
Karamba Security,Vinfast Trading And Production JSC,Tier 2,Tier 1
Kingfa Sci. & Tech. Co. Ltd.,Vinfast Trading And Production JSC,Tier 2,Tier 1
Kyi International Co. Ltd.,Vinfast Trading And Production JSC,Tier 2,Tier 1
Guangxi Xinshen Science And Technology Co. Ltd.,Vinfast . Mfg. And Trading Co. Ltd.,Tier 2,Tier 1
Excelpoint Systems (Pte) Ltd.,Vinfast Trading And Production JSC,Tier 2,Tier 1
Yanfeng Lightweight Composites (Changzhou) Co. Ltd.,Vinfast Trading And Production JSC,Tier 2,Tier 1
Zhejiang Kaihua Moulds Co. Ltd.,Vinfast . Mfg. And Trading Co. Ltd.,Tier 2,Tier 1
Mphasis,CATL,Tier 1,CATL
Auto Kabel Of North America Inc.,Vinfast . Mfg. And Trading Co. Ltd.,Tier 2,Tier 1
Shanghai Launch Automotive Technology Co. Ltd.,Vinfast Trading And Production JSC,Tier 2,Tier 1
Brose Chongqing Automotive Systems,Vinfast . Mfg. And Trading Co. Ltd.,Tier 2,Tier 1
Vinfast USA Distribution Llc,Vinfast . Mfg. And Trading Co. Ltd.,Tier 2,Tier 1
Car Components Buyers & Importers China,Vinfast . Mfg. And Trading Co. Ltd.,Tier 2,Tier 1
Gdw NV,Vinfast Trading And Production JSC,Tier 2,Tier 1
Magna Steyr Fahrzeugtechnik AG,Vinfast . Mfg. And Trading Co. Ltd.,Tier 2,Tier 1
K R Industries,Vinfast Trading And Production Llc,Tier 2,Tier 1
Shanghai Heiqiao Ai Technology Co. Ltd.,Vinfast . Mfg. And Trading Co. Ltd.,Tier 2,Tier 1
Mitra Chem,Vinfast . Mfg. And Trading Co. Ltd.,Tier 2,Tier 1
Shanghai Daimay Automotive Parts Co. Ltd.,Vinfast Trading And Production JSC,Tier 2,Tier 1
Heilind Asia Pacific (Sg) Pte. Ltd.,Vinfast . Mfg. And Trading Co. Ltd.,Tier 2,Tier 1
Wuhu Golden Safety System Co. Ltd.,Vinfast . Mfg. And Trading Co. Ltd.,Tier 2,Tier 1
Ellisys HK Ltd.,Vinfast Trading And Production JSC,Tier 2,Tier 1
Wuxi Junyi General Equipment Co. Ltd.,Vinfast Trading And Production JSC,Tier 2,Tier 1
Sanden Automotive Systems (Singapore) Pte. Ltd.,Vinfast Trading And Production JSC,Tier 2,Tier 1
Zf Cv Distribution Poland Sp. Z.O.O.,Vinfast . Mfg. And Trading Co. Ltd.,Tier 2,Tier 1
Shanghai Min Fang Autoparts Co. Ltd.,Vinfast Trading And Production JSC,Tier 2,Tier 1
Liaoning Top Level Design Engineering Co. Ltd.,Vinfast . Mfg. And Trading Co. Ltd.,Tier 2,Tier 1
Arrow Electronics Ecommerce,Vinfast Trading And Production JSC,Tier 2,Tier 1
Binder Slovakia S.R.O.,Vinfast Trading And Production JSC,Tier 2,Tier 1
Jiangsu Tongming Auto Electronic Te Chnology Co. Ltd.,Vinfast Trading And Production JSC,Tier 2,Tier 1
Yabolan (Ruian) Electronic Technology Co. Ltd.,Vinfast . Mfg. And Trading Co. Ltd.,Tier 2,Tier 1
East Joy Long Automotive Electronic,Vinfast . Mfg. And Trading Co. Ltd.,Tier 2,Tier 1
S.R.K.Otomotiv Side Industry And Trade JSC,Vinfast Trading And Production Ltd. Liability Co.,Tier 2,Tier 1
Soda Vision Pte. Ltd.,Vinfast Trading And Production JSC,Tier 2,Tier 1
Arrow Electronics,Vinfast . Mfg. And Trading Co. Ltd.,Tier 2,Tier 1
Poppelmann Kunststoff Technik GmbH & Co. Kg,Vinfast Trading And Production JSC,Tier 2,Tier 1
On Semiconductor,Vinfast . Mfg. And Trading Co. Ltd.,Tier 2,Tier 1
Suzhou Wanxiang Technology Co. Ltd.,Vinfast . Mfg. And Trading Co. Ltd.,Tier 2,Tier 1
Sejin,Vinfast Trading And Production JSC,Tier 2,Tier 1
Wenling Jiuzhou Electromechanical,Vinfast Trading And Production JSC,Tier 2,Tier 1
Jiangsu Huanyu Automotive Component,CATL,Tier 1,CATL
Yantai Dongxing Magnetic Materials Inc.,Vinfast Trading And Production JSC,Tier 2,Tier 1
Tenneco Automotive India Pvt. Ltd.,Vinfast Trading And Production JSC,Tier 2,Tier 1
Horizon International,CATL,Tier 1,CATL
Fev Tr Otomotiv Ve Enerji Arastirma Ve Muhendislik Ltd. Sti,Vinfast . Mfg. And Trading Co. Ltd.,Tier 2,Tier 1
Interpampas,CATL,Tier 1,CATL
Omr Bagla Automotive Systems India,Vinfast Trading And Production Llc,Tier 2,Tier 1
Casco Automotive(Suzhou) Co Ltd.,Vinfast Trading And Production JSC,Tier 2,Tier 1
Sona Blw Precision Forgings Ltd.,Vinfast . Mfg. And Trading Co. Ltd.,Tier 2,Tier 1
Royaleg Co. Ltd.,Vinfast . Mfg. And Trading Co. Ltd.,Tier 2,Tier 1
I.G.Bauerhin GmbH,Vinfast Trading And Production JSC,Tier 2,Tier 1
Lear Automotive India Private Ltd.,Vinfast Trading And Production Llc,Tier 2,Tier 1
Chongqing Xinyi Song Auto Parts Co. Ltd.,Vinfast Trading And Production JSC,Tier 2,Tier 1
Guangzhou NV Automobile Parts Co. Ltd.,Vinfast . Mfg. And Trading Co. Ltd.,Tier 2,Tier 1
Vector Informatik GmbH,Vinfast Trading And Production JSC,Tier 2,Tier 1
Vibracoustic Polska Sp. z.o.o.,Vinfast . Mfg. And Trading Co. Ltd.,Tier 2,Tier 1
Lear Automotive (Thailand) Co. Ltd.,Vinfast . Mfg. And Trading Co. Ltd.,Tier 2,Tier 1
Changzhou Wuyi Lamp Co. Ltd.,Vinfast Trading And Production JSC,Tier 2,Tier 1
Guangxi Xinwote Industry Co. Ltd.,Vinfast Trading And Production JSC,Tier 2,Tier 1
Namsun Aluminum Co. Ltd. Automotive Parts,Vinfast . Mfg. And Trading Co. Ltd.,Tier 2,Tier 1
Great Development International Ltd.,Vinfast Trading And Production JSC,Tier 2,Tier 1
Ningbo Ketian Magnet Co. Ltd.,Vinfast . Mfg. And Trading Co. Ltd.,Tier 2,Tier 1
Texas Instruments,Vinfast Trading And Production JSC,Tier 2,Tier 1
Tektro Wuxi Technology Co. Ltd.,Vinfast . Mfg. And Trading Co. Ltd.,Tier 2,Tier 1
Mando (Beijing) Automotive Components R&D Center Co. Ltd.,Vinfast Trading And Production JSC,Tier 2,Tier 1
Systemair Sdn Bhd,Vinfast Trading And Production JSC,Tier 2,Tier 1
Yantai Dongxing Magnetic Materials,Vinfast . Mfg. And Trading Co. Ltd.,Tier 2,Tier 1
Karuun GmbH,Vinfast Trading And Production JSC,Tier 2,Tier 1
Fev India Pvt. Ltd.,Vinfast . Mfg. And Trading Co. Ltd.,Tier 2,Tier 1
Mahle Behr Mexico S De Rl De Cv,Vinfast Trading And Production Llc,Tier 2,Tier 1
Harbin Goodtime Electronic Co. Ltd.,Vinfast Trading And Production JSC,Tier 2,Tier 1
Springfix-Befestigungstechnik GmbH,Vinfast Trading And Production JSC,Tier 2,Tier 1
Changzhou Sanhe Heavy Industfies Machine Co. Ltd.,CATL,Tier 1,CATL
Erae Ams Co. Ltd.,Vinfast Trading And Production JSC,Tier 2,Tier 1
Bruss Sealings Systems (Taicang) Co. Ltd.,Vinfast Trading And Production JSC,Tier 2,Tier 1
Amphenol Omniconnect India Pvt. Ltd.,Vinfast . Mfg. And Trading Co. Ltd.,Tier 2,Tier 1
Hella GmbH & Co.Kgaa,Vinfast Trading And Production JSC,Tier 2,Tier 1
B Ev Motors,Vinfast Trading And Production JSC,Tier 2,Tier 1
Marquardt Switches (Shanghai) Co. Ltd.,Vinfast Trading And Production JSC,Tier 2,Tier 1
Marelli Automotive Lighting Malaysia Sdn. Bhd,Vinfast Trading And Production JSC,Tier 2,Tier 1
Hang Lung Keibi Automobile Electric Steering System Co. Ltd.(Hke),Vinfast Trading And Production JSC,Tier 2,Tier 1
Cong Ty Tnhh Dien Tu Gaoqi ( Vietnam),Vinfast Trading And Production JSC,Tier 2,Tier 1
Hangzhou Wanpu Imp. & Exp. . Co. Ltd.,Vinfast Trading And Production JSC,Tier 2,Tier 1
Auto Kabel Hausen GmbH,Vinfast Trading And Production JSC,Tier 2,Tier 1
Cong Ty Tnhh Seojin Auto,Vinfast Trading And Production JSC,Tier 2,Tier 1
Excelpoint Systems Pte. Ltd.,Vinfast Trading And Production JSC,Tier 2,Tier 1
Richardson Electronics (Year 2000 (HK) Ltd.),Vinfast Trading And Production JSC,Tier 2,Tier 1
Ic Resource Pte. Ltd.,Vinfast Trading And Production JSC,Tier 2,Tier 1
Mann Hummel (Cz) Sro,Vinfast Trading And Production JSC,Tier 2,Tier 1
C+M Utescheny Spritzgiesstechnik GmbH,Vinfast Trading And Production JSC,Tier 2,Tier 1
Kongsberg Automotive Wuxi Co. Ltd.,Vinfast . Mfg. And Trading Co. Ltd.,Tier 2,Tier 1
Shenyang Vhandy Technology Co. Ltd.,Vinfast Trading And Production JSC,Tier 2,Tier 1
Global Cutting Tools,Vinfast Trading And Production Llc,Tier 2,Tier 1
Interplex Electronic Hz Co. Ltd.,Vinfast . Mfg. And Trading Co. Ltd.,Tier 2,Tier 1
Industrias Del Recambio India,Vinfast Trading And Production JSC,Tier 2,Tier 1
Right Tight Fastners Pvt. Ltd.,Vinfast . Mfg. And Trading Co. Ltd.,Tier 2,Tier 1
Byn Chemical Co. Ltd.,Vinfast Trading And Production JSC,Tier 2,Tier 1
Ashimori Korea Co. Ltd.,Vinfast Trading And Production JSC,Tier 2,Tier 1
Time Glory Trading Ltd.,Vinfast Trading And Production JSC,Tier 2,Tier 1
Contemporary Amperex Technology Co. Ltd.,Vinfast Trading And Production JSC,Tier 1,Tier 1
Anhui Shenghuabo Auto Electric Co. Ltd.,Vinfast Trading And Production JSC,Tier 2,Tier 1
Chengdu Huachuan Electric Parts Co. Ltd.,Vinfast . Mfg. And Trading Co. Ltd.,Tier 2,Tier 1
A.Raymond Singapore Pte. Ltd.,Vinfast Trading And Production JSC,Tier 2,Tier 1
Xian Isrihuatai Automotive Seating,Vinfast . Mfg. And Trading Co. Ltd.,Tier 2,Tier 1
Mobase Electronics Co. Ltd.,Vinfast Trading And Production JSC,Tier 2,Tier 1
Zhejiang Automobile Instrument Co. Ltd.,Vinfast Trading And Production JSC,Tier 2,Tier 1
Ningbo Bocc Motor Technology Co. Ltd.,Vinfast Trading And Production JSC,Tier 2,Tier 1
Mouser Electronics Inc.,Vinfast Trading And Production JSC,Tier 2,Tier 1
Hd Fire Protect Pvt. Ltd.,CATL,Tier 1,CATL
The Automotive Research Association Of India,Vinfast Trading And Production Llc,Tier 2,Tier 1
Ti (Philippines) Inc.,Vinfast Trading And Production JSC,Tier 2,Tier 1
Ltd. Otomotiv A.S,Vinfast Trading And Production JSC,Tier 2,Tier 1
Avl Sea & Australia Co. Ltd.,Vinfast . Mfg. And Trading Co. Ltd.,Tier 2,Tier 1
L&L Products Inc.,Vinfast . Mfg. And Trading Co. Ltd.,Tier 2,Tier 1
Gm Korea Co.,Vinfast Trading And Production JSC,Tier 2,Tier 1
Benecke Changshun Auto Trim (Zhangjiagang) Co. Ltd.,Vinfast . Mfg. And Trading Co. Ltd.,Tier 2,Tier 1
Ashimori Korea Co. Ltd. (Vf Supplier Code: 2101193),Vinfast . Mfg. And Trading Co. Ltd.,Tier 2,Tier 1
Mahle Filter Systems Canada Ulc,Vinfast Trading And Production Llc,Tier 2,Tier 1
Hebei Cbies Automotive Parts Co. Ltd.,Vinfast Trading And Production JSC,Tier 2,Tier 1
Arrow Electronics Mexico S De Rl De Cv,Vinfast Trading And Production JSC,Tier 2,Tier 1
Genetron Singapore Pte,Vinfast Trading And Production JSC,Tier 2,Tier 1
Aapico Amata Co. Ltd.,Vinfast Trading And Production JSC,Tier 1,Tier 1
Expei Digital Technology (Shanghai),Vinfast . Mfg. And Trading Co. Ltd.,Tier 2,Tier 1
Argutec S.R.O,Vinfast Trading And Production JSC,Tier 2,Tier 1
Sunlord Electronics Technology Pte. Ltd.,Vinfast Trading And Production JSC,Tier 2,Tier 1
Enca Technology Ltd.,CATL,Tier 1,CATL
Dong Guan Mission Gauge & Fixture Co. Ltd.,Vinfast Trading And Production JSC,Tier 2,Tier 1
Arrow Electronics Asia S Pte,Vinfast Trading And Production JSC,Tier 2,Tier 1
Payeplast Plastik Sanayi Ve Ticaret Anonim Sirketi,Vinfast . Mfg. And Trading Co. Ltd.,Tier 2,Tier 1
Hoerbiger Antriebstechnik GmbH,Vinfast Trading And Production JSC,Tier 2,Tier 1
Carl Zeiss Industrielle Mesteciinik GmbH,Vinfast Trading And Production JSC,Tier 2,Tier 1
Zhejiang Aokai Electric Co. Ltd.,Vinfast Trading And Production JSC,Tier 2,Tier 1
Solvay Specialty Polymers USA Llc,Vinfast Trading And Production JSC,Tier 2,Tier 1
Uwave Technology (Hongkong) Co. Ltd.,Vinfast . Mfg. And Trading Co. Ltd.,Tier 2,Tier 1
Polybond India Private Ltd.,Vinfast Trading And Production Ltd. Liability Co.,Tier 2,Tier 1
Zf Lemforder Tlm Disticaret Ltd.Sti.,Vinfast Trading And Production JSC,Tier 2,Tier 1
Tmg Automotive,Vinfast Trading And Production JSC,Tier 2,Tier 1
Annren Technologies Co. Ltd.,Vinfast Trading And Production JSC,Tier 2,Tier 1
Tai Zhou Jing Chao Li Mould & Plastic Co. Ltd.,Vinfast Trading And Production JSC,Tier 2,Tier 1
Western Heat And Forge Provate Ltd.,CATL,Tier 1,CATL
Burkab Electric Cable Systems Automotive Industry And Trade Ltd. Co.,Vinfast Trading And Production JSC,Tier 2,Tier 1
Magna Automotive Exteriors (Shanghai) Co. Ltd.,Vinfast . Mfg. And Trading Co. Ltd.,Tier 2,Tier 1
Wuhu Changpeng Automobile Spare Part Co. Ltd.,Vinfast . Mfg. And Trading Co. Ltd.,Tier 2,Tier 1
Pha India Private Ltd.,Vinfast Trading And Production JSC,Tier 2,Tier 1
Anhui Ruizhuo Auto Parts Co. Ltd.,Vinfast . Mfg. And Trading Co. Ltd.,Tier 2,Tier 1
Nichicon (Singapore) Pte. Ltd.,Vinfast Trading And Production JSC,Tier 2,Tier 1
Tyco Electronics Uk Ltd.,Vinfast Trading And Production JSC,Tier 2,Tier 1
Chase Specialty Coatings,Vinfast Trading And Production JSC,Tier 2,Tier 1
Teq S.A.,Vinfast Trading And Production JSC,Tier 2,Tier 1
Ykk Thailand,Vinfast Trading And Production JSC,Tier 2,Tier 1
Arkema K.K. Kyoto Technical Center,Vinfast Trading And Production JSC,Tier 2,Tier 1
Tata Technologies Ltd.,Vinfast Trading And Production Ltd. Liability Co.,Tier 2,Tier 1
Bosal Oris De Mexico S.A. De C.V.,Vinfast Trading And Production JSC,Tier 2,Tier 1
Continental Automotives Components (India) Pvt. Ltd.,Vinfast Trading And Production JSC,Tier 2,Tier 1
Hella Bhap(Sanhe) Automotive Lightin,Vinfast . Mfg. And Trading Co. Ltd.,Tier 2,Tier 1
Jilin Hangsheng Electronics Co. Ltd.,Vinfast Trading And Production JSC,Tier 2,Tier 1
Teknorot Otom.Ur.San.Ve.Tic.A.S.,Vinfast Trading And Production JSC,Tier 2,Tier 1
Zhejiang Sanhua Automotive Components Co. Ltd.,Vinfast Trading And Production JSC,Tier 2,Tier 1
Gma Metall GmbH,Vinfast Trading And Production JSC,Tier 2,Tier 1
Gestamp Kartek Coporation,Vinfast Trading And Production JSC,Tier 2,Tier 1
El Trebol Srl,CATL,Tier 1,CATL
Richpower Electronic Devices Co. Ltd.,Vinfast . Mfg. And Trading Co. Ltd.,Tier 2,Tier 1
Texas Instruments Southeast Asia Pl,Vinfast Trading And Production JSC,Tier 2,Tier 1
Guangxi Pingxiang City Tianbang Trade Co . Ltd.,CATL,Tier 1,CATL
Woo Chang Precision Co. Ltd.,Vinfast Trading And Production JSC,Tier 2,Tier 1
Amphenol Pcd Shenzhen Co. Ltd.,Vinfast . Mfg. And Trading Co. Ltd.,Tier 2,Tier 1
Zf Automotive Technologies,Vinfast . Mfg. And Trading Co. Ltd.,Tier 2,Tier 1
Shinry Technology Co. Ltd.,Vinfast Trading And Production JSC,Tier 2,Tier 1
Wenzhou Ideal Automibile Components Co. Ltd.,Vinfast Trading And Production JSC,Tier 2,Tier 1
Chetan Meditech Private Ltd.,CATL,Tier 1,CATL
Pingxiang Rongxing Trade Co. Ltd.,Vinfast Trading And Production JSC,Tier 2,Tier 1
Bos Automotive Systems (Taicang) Co. Ltd.,Vinfast Trading And Production JSC,Tier 2,Tier 1
Topia(Changshu) Co. Ltd.,Vinfast Trading And Production JSC,Tier 2,Tier 1
Fev Tr Automotive And Energy Research And Engineering Ltd. Co.,Vinfast Trading And Production Llc,Tier 1,Tier 1
East Joylong Automotive Electronics (Shanghai) Co. Ltd.,Vinfast . Mfg. And Trading Co. Ltd.,Tier 2,Tier 1
Teijin Corporation (Thailand) Limted,Vinfast Trading And Production JSC,Tier 2,Tier 1
Liuzhou Hangsheng Technology Co. Ltd.,Vinfast Trading And Production JSC,Tier 2,Tier 1
Cong Ty Tnhh Atarih Precision,Vinfast . Mfg. And Trading Co. Ltd.,Tier 2,Tier 1
Dynamic Electronics Co. Ltd.,Vinfast . Mfg. And Trading Co. Ltd.,Tier 2,Tier 1
Iwis Motorsysteme GmbH & Co. Kg,Vinfast Trading And Production JSC,Tier 2,Tier 1
Jurox (Pty) Ltd.,CATL,Tier 1,CATL
Future Electronics Inc.,Vinfast . Mfg. And Trading Co. Ltd.,Tier 2,Tier 1
Shenyang Siasun Robot And Automation Co. Ltd.,Vinfast . Mfg. And Trading Co. Ltd.,Tier 2,Tier 1
Hp Hakan Makina Construction Contracting Industry And Trade Ltd. Co.,CATL,Tier 1,CATL
S.J.S Enterprises Ltd.,Vinfast Trading And Production JSC,Tier 2,Tier 1
Huizhou Voir Science & Technlogy Co. Ltd.,Vinfast Trading And Production JSC,Tier 2,Tier 1
Bruss Sealings System (Taicang) Co. Ltd.,Vinfast Trading And Production JSC,Tier 2,Tier 1
Schneider Prototyping India Private Ltd.,Vinfast Trading And Production Llc,Tier 2,Tier 1
Guangdong Magna Automotive Mirrors Co. Ltd.,Vinfast . Mfg. And Trading Co. Ltd.,Tier 2,Tier 1
Oto Numune Otomotiv San.Ve Tic.A.S,Vinfast Trading And Production JSC,Tier 2,Tier 1
Globallogic Poland Sp. Z O.O.,Vinfast Trading And Production JSC,Tier 2,Tier 1
Ningbo Depulong Automotive System Co. Ltd.,Vinfast Trading And Production JSC,Tier 2,Tier 1
Nanjing Aotecar New Energy Technology Co. Ltd.,Vinfast Trading And Production JSC,Tier 2,Tier 1
Globallogic Ukraine Ltd. Liability Co.,Vinfast Trading And Production JSC,Tier 2,Tier 1
Esmak Makine Sanayi Dis Tic Sti,Vinfast . Mfg. And Trading Co. Ltd.,Tier 2,Tier 1
General Motors Do Brasil Ltda.,CATL,Tier 1,CATL
Bizlink Bvi Corp.,Vinfast Trading And Production JSC,Tier 2,Tier 1
Lord International Trading (Shanghai) Co. Ltd.,Vinfast Trading And Production JSC,Tier 2,Tier 1
Yirunbang Technologies(Tianjin) Co. Ltd.,Vinfast Trading And Production JSC,Tier 2,Tier 1
Shanghai Top Ideal International,CATL,Tier 1,CATL
Infinity Engineering Solutions,Vinfast Trading And Production JSC,Tier 2,Tier 1
Thyssenkrupp System Engineering India Private Ltd.,Vinfast Trading And Production Ltd. Liability Co.,Tier 2,Tier 1
The Dow Chemical Co.,CATL,Tier 1,CATL
Papers Catalunya,CATL,Tier 1,CATL
Multimatic Mfg,Vinfast Trading And Production Llc,Tier 2,Tier 1
Muller Textiles (Tianjin) Ltd.,Vinfast Trading And Production JSC,Tier 2,Tier 1
Posco International Coprporation,Vinfast Trading And Production JSC,Tier 2,Tier 1
Daewoon Precision,Vinfast Trading And Production JSC,Tier 2,Tier 1
Hades Imp. & Exp. Private Ltd.,CATL,Tier 1,CATL
Lankhorst Engineered Products BV,Vinfast . Mfg. And Trading Co. Ltd.,Tier 2,Tier 1
Arrow Electronics Taiwan,Vinfast Trading And Production Ltd. Liability Co.,Tier 2,Tier 1
Csg Trw Chasis System Co. Ltd.,Vinfast Trading And Production JSC,Tier 2,Tier 1
Dana Novi Technology Center,Vinfast Trading And Production JSC,Tier 2,Tier 1
Liaoning Lanke Intelligent Industrial Electrical Equipment Co. Ltd.,Vinfast . Mfg. And Trading Co. Ltd.,Tier 2,Tier 1
Best Prototypes Mfg.(HK) Co. Ltd.,Vinfast Trading And Production JSC,Tier 2,Tier 1
Lotus Cars Ltd.,CATL,Tier 1,CATL
Lg Chem. Ltd.,Vinfast . Mfg. And Trading Co. Ltd.,Tier 2,Tier 1
Saint Gobain Sekurit (Thailand) Co. Ltd.,Vinfast . Mfg. And Trading Co. Ltd.,Tier 2,Tier 1
Sona Blw Precision Forgings Ltd.,Vinfast Trading And Production Llc,Tier 2,Tier 1
Yangzhou Finway Energy Tech Co. Ltd.,Seojin Vietnam Co. Ltd.,Tier 2,Tier 1
Kalyani Technoforge Ltd.,Vinfast Trading And Production Llc,Tier 2,Tier 1
Ace Antenna Co. Ltd.,Vinfast Trading And Production JSC,Tier 2,Tier 1
Wabco Polska Sprzedaz Sp. Z O.O.,Vinfast . Mfg. And Trading Co. Ltd.,Tier 2,Tier 1
Avic Jonhon Optronic Technology,Vinfast . Mfg. And Trading Co. Ltd.,Tier 2,Tier 1
Texas Instruments Asia Ltd.,Vinfast Trading And Production JSC,Tier 2,Tier 1
Kns Otomotiv San. And Tic. Inc. 2. Osb,Vinfast Trading And Production Llc,Tier 2,Tier 1
Servo Robot Inc.,Vinfast Trading And Production JSC,Tier 2,Tier 1
Boao (Beijing) Supply Co. Ltd.,Vinfast Trading And Production JSC,Tier 2,Tier 1
Caglayan Electronics,Vinfast Trading And Production Ltd. Liability Co.,Tier 2,Tier 1
Hebei Luoke Auto Parts Co. Ltd.,Vinfast Trading And Production JSC,Tier 2,Tier 1
Huizhou Foryou General Electronics,Vinfast . Mfg. And Trading Co. Ltd.,Tier 2,Tier 1
Arrow Electronics Inc.,Vinfast Trading And Production JSC,Tier 2,Tier 1
Bossard M Sdn Bhd,Vinfast Trading And Production JSC,Tier 2,Tier 1
Premo S.L.,Vinfast Trading And Production JSC,Tier 2,Tier 1
Hubei Ronbay Lithium Battery Material Co. Ltd.,Vinfast . Mfg. And Trading Co. Ltd.,Tier 2,Tier 1
Corida Holding Co. Ltd.,Vinfast Trading And Production JSC,Tier 2,Tier 1
Urrea Herramientas Profesionales S.A. De C.V.,CATL,Tier 1,CATL
Tata Mfg. Technology,Vinfast Trading And Production JSC,Tier 2,Tier 1
Shanghai Dudun Automation Technolog Y Co. Ltd.,Vinfast Trading And Production JSC,Tier 2,Tier 1
Nanjing Aotecar,Vinfast . Mfg. And Trading Co. Ltd.,Tier 2,Tier 1
Suzhou Lilai Industrial Intelligent Mfg. Co. Ltd.,Vinfast Trading And Production JSC,Tier 2,Tier 1
Engel Machinery (Shanghai) Co. Ltd.,Vinfast Trading And Production JSC,Tier 2,Tier 1
Changzhou Conceptech Moulding Technology Co. Ltd.,Vinfast Trading And Production JSC,Tier 2,Tier 1
Lucky Land Holdings Ltd.,Vinfast Trading And Production JSC,Tier 2,Tier 1
Feilong Auto Components Co. Ltd.,Vinfast Trading And Production JSC,Tier 2,Tier 1
Mouser Electronics Inc. . Bangkok Office,Vinfast Trading And Production JSC,Tier 2,Tier 1
Poplar,Vinfast Trading And Production JSC,Tier 2,Tier 1
Shenzhen Hlh Prototypes Co. Ltd.,Vinfast . Mfg. And Trading Co. Ltd.,Tier 2,Tier 1
Guangzhou Tinci Materials Technology Co. Ltd.,CATL,Tier 1,CATL
Zf Cv Distribution Poland Sp. Z O.O 0,Vinfast . Mfg. And Trading Co. Ltd.,Tier 2,Tier 1
Koem Co. Ltd.,Vinfast Trading And Production JSC,Tier 2,Tier 1
Kostal India Private Ltd.,Vinfast Trading And Production JSC,Tier 2,Tier 1
Aapico Plastics,Vinfast Trading And Production JSC,Tier 2,Tier 1
Chongqing Guangda Industrial Co. Ltd.,Vinfast Trading And Production JSC,Tier 2,Tier 1
Wechip Pte. Ltd.,Vinfast . Mfg. And Trading Co. Ltd.,Tier 2,Tier 1
Future Electronics Inc. (Distribution) Pte. Ltd.,Vinfast Trading And Production JSC,Tier 2,Tier 1
Shanghai Bixuan Electrical Machiner,Vinfast Trading And Production JSC,Tier 2,Tier 1
Continental Tyres (Thailand) Co. Ltd.,Vinfast Trading And Production JSC,Tier 2,Tier 1
Fastgrow International,CATL,Tier 1,CATL
Dayouep Co. Ltd.,Vinfast . Mfg. And Trading Co. Ltd.,Tier 2,Tier 1
Great Foam Products Co. Ltd.,Vinfast Trading And Production JSC,Tier 2,Tier 1
Biswas Enterprise,CATL,Tier 1,CATL
Finero Technology Co. Ltd.,Vinfast Trading And Production JSC,Tier 2,Tier 1
Richardson Electronics Pte,Vinfast Trading And Production JSC,Tier 2,Tier 1
Lead Show Electronics Ltd.,Vinfast Trading And Production JSC,Tier 2,Tier 1
Lumen Australia (Pty) Ltd.,Vinfast Trading And Production JSC,Tier 2,Tier 1
Perez/Bencomo/Isidro,CATL,Tier 1,CATL
Itw Korea Llc.,Vinfast Trading And Production JSC,Tier 2,Tier 1
Kingfa Sci. & Tech. Co. Ltd.,Vinfast . Mfg. And Trading Co. Ltd.,Tier 2,Tier 1
J & M Designers S Ltd.,CATL,Tier 1,CATL
Teklight Components Pvt. Ltd.,Vinfast Trading And Production JSC,Tier 2,Tier 1
Xiamen Hongfa Electroacoustic Co Lt,Vinfast Trading And Production JSC,Tier 2,Tier 1
Vinfast Trading & Production JSC,Vinfast Trading And Production Llc,Tier 2,Tier 1
Dexerials Singapore Pte. Ltd.,Vinfast . Mfg. And Trading Co. Ltd.,Tier 2,Tier 1
Daihan Calsonic Corp.,Vinfast Trading And Production JSC,Tier 2,Tier 1
Shanghai Launch Automotive Technology Co. Ltd.,Vinfast . Mfg. And Trading Co. Ltd.,Tier 2,Tier 1
Sampa Automotive Industry And Trade JSC,Vinfast Trading And Production Llc,Tier 2,Tier 1
Afk Otomotiv Electromechanical Plastic Mfg. Industry And Trade Ltd. Co.,Vinfast Trading And Production Ltd. Liability Co.,Tier 2,Tier 1
Gdw NV,Vinfast . Mfg. And Trading Co. Ltd.,Tier 2,Tier 1
Smartcorp International (HK) Ltd.,CATL,Tier 1,CATL
Wuxi Junyi General Equipment Co. Ltd.,Vinfast . Mfg. And Trading Co. Ltd.,Tier 2,Tier 1
Zf Services (China) Co. Ltd.,Vinfast Trading And Production JSC,Tier 2,Tier 1
Itw Global Tire Repair Europe GmbH,Vinfast Trading And Production JSC,Tier 2,Tier 1
Shanghai Min Fang Autoparts Co. Ltd.,Vinfast . Mfg. And Trading Co. Ltd.,Tier 2,Tier 1
Zf Slovakia A.S.,Vinfast Trading And Production JSC,Tier 2,Tier 1
Ysx Industry Co. Ltd.,Vinfast Trading And Production JSC,Tier 2,Tier 1
Zhejiang Meili High Technology Co.,Vinfast Trading And Production JSC,Tier 2,Tier 1
Avl Sea & Australia Co . Ltd.,Vinfast Trading And Production JSC,Tier 2,Tier 1
Cong Ty Co Phan San Xuat Va Kinh Doanh Vinfast,Vinfast Trading And Production JSC,Tier 2,Tier 1
Arcelormittal Flat Carbon Europe S.A.,Vinfast Trading And Production JSC,Tier 2,Tier 1
Attapong Nuttaporn Engineering Co. Ltd.,Vinfast Trading And Production JSC,Tier 2,Tier 1
Longen(Tianjin) Technology Co. Ltd.,Vinfast Trading And Production JSC,Tier 2,Tier 1
Alantek Communication Asia Pte. Ltd.,CATL,Tier 1,CATL
Poppelmann Kunststoff Technik GmbH & Co. Kg,Vinfast . Mfg. And Trading Co. Ltd.,Tier 2,Tier 1
Power Electronic Measurements Ltd.,Vinfast Trading And Production JSC,Tier 2,Tier 1
Industrial Valves,CATL,Tier 1,CATL
SVI Public Co. Ltd.,Vinfast Trading And Production JSC,Tier 2,Tier 1
Saint-Gobain Hanglas Sekurit (Shanghai) Co. Ltd.,Vinfast . Mfg. And Trading Co. Ltd.,Tier 2,Tier 1
Umeda Koi Farm,CATL,Tier 1,CATL
Intrepid Control Systems,Vinfast Trading And Production JSC,Tier 2,Tier 1
Vinfast Auto Canada Inc.,Vinfast Trading And Production JSC,Tier 2,Tier 1
Henkel Singapore Pte,Vinfast Trading And Production JSC,Tier 2,Tier 1
Avnet Asia (S) Pte. Ltd.,Vinfast Trading And Production JSC,Tier 2,Tier 1
Wenling Jiuzhou Electromechanical,Vinfast . Mfg. And Trading Co. Ltd.,Tier 2,Tier 1
Wuxi Ming Fang Automobile Parts Industry Co. Ltd.,Vinfast Trading And Production JSC,Tier 2,Tier 1
Ic Resource Pte,Vinfast Trading And Production JSC,Tier 2,Tier 1
Chevrolet Sales Thailand,Vinfast Trading And Production JSC,Tier 2,Tier 1
Shanghai Zhongxing Wright E Motors,Vinfast . Mfg. And Trading Co. Ltd.,Tier 2,Tier 1
Elyon Divine Components Private Ltd.,Vinfast Trading And Production Llc,Tier 2,Tier 1
Delphi Powertrain System Gas,Vinfast Trading And Production JSC,Tier 2,Tier 1
Mouser Electronics Ob.,Vinfast Trading And Production JSC,Tier 2,Tier 1
Facil Thailand,Vinfast Trading And Production JSC,Tier 2,Tier 1
Bayerische Motoren Werke Aktiengesellschaft,Vinfast Trading And Production JSC,Tier 2,Tier 1
Chongqing Xinyi Song Auto Parts Co. Ltd.,Vinfast . Mfg. And Trading Co. Ltd.,Tier 2,Tier 1
Saint Gobain Sekurit (Thailand) Co. Ltds,Vinfast Trading And Production JSC,Tier 2,Tier 1
Baosteel Singapore Pte. Ltd.,Vinfast Trading And Production JSC,Tier 2,Tier 1
Gm Korea Co..,Vinfast Trading And Production JSC,Tier 2,Tier 1
Federal Mogul Wiesbaden GmbH,Vinfast Trading And Production JSC,Tier 2,Tier 1
Staubli( HK.) Ltd.,Vinfast Trading And Production JSC,Tier 2,Tier 1
Continental Automotive Technologies GmbH,Vinfast Trading And Production JSC,Tier 2,Tier 1
Xisha Road Qili Power Supply Co. Ltd.,Vinfast . Mfg. And Trading Co. Ltd.,Tier 2,Tier 1
Changzhou Wuyi Lamp Co. Ltd.,Vinfast . Mfg. And Trading Co. Ltd.,Tier 2,Tier 1
Yazaki India Private Ltd.,Vinfast Trading And Production JSC,Tier 2,Tier 1
Gameplanet Inc.,CATL,Tier 1,CATL
Guangxi Xinwote Industry Co. Ltd.,Vinfast . Mfg. And Trading Co. Ltd.,Tier 2,Tier 1
Cvt Civata Vida San. Tic. Ltd. Sti,Vinfast Trading And Production JSC,Tier 2,Tier 1
Ecu Worldwide (Germany) GmbH,CATL,Tier 1,CATL
Chongqing Free Deer Automobile Technology Co. Ltd.,Vinfast . Mfg. And Trading Co. Ltd.,Tier 2,Tier 1
Magna Automotive India Private Ltd.,Vinfast Trading And Production Ltd. Liability Co.,Tier 2,Tier 1
SKF GmbH,Vinfast Trading And Production JSC,Tier 2,Tier 1
PT Vinfast Automobile Indonesia,Vinfast . Mfg. And Trading Co. Ltd.,Tier 2,Tier 1
Springfix-Befestigungstechnik GmbH,Vinfast . Mfg. And Trading Co. Ltd.,Tier 2,Tier 1
Right Tight Fasteners Pvt. Ltd.,Vinfast Trading And Production JSC,Tier 2,Tier 1
Texon Semiconductor Technologies Co. Ltd.,CATL,Tier 1,CATL
Erae Ams Co. Ltd.,Vinfast . Mfg. And Trading Co. Ltd.,Tier 2,Tier 1
Farco International Co. Ltd.,Vinfast Trading And Production JSC,Tier 2,Tier 1
Vietnam Tnt Trading And Production JSC,Fev India Private Ltd.,Tier 2,Tier 1
Tyson Fresh Meats Inc.,CATL,Tier 1,CATL
Meiko Electronics Vietnam,Vinfast Trading And Production JSC,Tier 2,Tier 1
Shanghai Launch Automobile Design Co. Ltd.,Vinfast . Mfg. And Trading Co. Ltd.,Tier 2,Tier 1
Youngmin Hi Tech,Vinfast Trading And Production JSC,Tier 2,Tier 1
Hangzhou Wanpu Imp. & Exp. . Co. Ltd.,Vinfast . Mfg. And Trading Co. Ltd.,Tier 2,Tier 1
Cong Ty Tnhh Seojin Auto,Vinfast . Mfg. And Trading Co. Ltd.,Tier 2,Tier 1
Contemporany Amperex Technology Co. Ltd.,CATL,Tier 1,CATL
Excelpoint Systems Pte. Ltd.,Vinfast . Mfg. And Trading Co. Ltd.,Tier 2,Tier 1
Ic Resource Pte. Ltd.,Vinfast . Mfg. And Trading Co. Ltd.,Tier 2,Tier 1
Wuxi Top And V Control Cable Co. Ltd.,Vinfast Trading And Production JSC,Tier 2,Tier 1
Zhejiang Shenghuabo Electric Applia,Vinfast Trading And Production JSC,Tier 2,Tier 1
Amphenol Thermometrics Inc.,Vinfast Trading And Production JSC,Tier 2,Tier 1
Acton Technology Pte,Vinfast Trading And Production JSC,Tier 2,Tier 1
Vinfast Trading And Production Ltd. Liability C,Fev Tr Automotive And Energy Research And Engineering Ltd. Co.,Tier 2,Tier 1
Aludesigh SpA,CATL,Tier 1,CATL
Knorr Bremse Systeme Fur Nutzfahrzeuge GmbH,Vinfast . Mfg. And Trading Co. Ltd.,Tier 2,Tier 1
Cong Ty Tnhh Kansai Felt Vietnam,Vinfast Trading And Production JSC,Tier 2,Tier 1
Richardson Electronics Pte. Ltd.,Vinfast Trading And Production JSC,Tier 2,Tier 1
Continental Tyres (Thailand) Co. Ltd. Head Office,Vinfast Trading And Production JSC,Tier 2,Tier 1
Global Container Line HK,CATL,Tier 1,CATL
Visscher Caravelle Yimeng Automotive (Liaoyang) Co. Ltd.,Vinfast Trading And Production JSC,Tier 2,Tier 1
Wanbang Digital Energy Co. Ltd.,Vinfast Trading And Production JSC,Tier 2,Tier 1
Hg Performance Exhaust SA De Cv,CATL,Tier 1,CATL
C.C.P. International (HK.) Ltd.,Vinfast Trading And Production JSC,Tier 2,Tier 1
Dalian Jinshengyang Machinery Co. Ltd.,CATL,Tier 1,CATL
Zhejiang VIE Science & Technology Co. Ltd.,Vinfast Trading And Production JSC,Tier 2,Tier 1
Ashimori Korea Co. Ltd.,Vinfast . Mfg. And Trading Co. Ltd.,Tier 2,Tier 1
Texas Instruments Ltd.,Vinfast Trading And Production JSC,Tier 2,Tier 1
Zhejiang Libang Hexin Intelligent Brake System Co. Ltd.,Vinfast . Mfg. And Trading Co. Ltd.,Tier 2,Tier 1
Zfautomotive Technologies(Shanghai) Co. Ltd.,Vinfast Trading And Production JSC,Tier 2,Tier 1
CASCO Automotive (Suzhou) Co. Ltd.,Vinfast . Mfg. And Trading Co. Ltd.,Tier 2,Tier 1
Qin Xuan Automotive Technology (Tian Chang) Co. Ltd.,Vinfast . Mfg. And Trading Co. Ltd.,Tier 2,Tier 1
Klik Autotech,CATL,Tier 1,CATL
Sino Faith Technology Development Ltd.,Vinfast Trading And Production JSC,Tier 2,Tier 1
Shivam Enterprises,CATL,Tier 1,CATL
A.Raymond Singapore Pte. Ltd.,Vinfast . Mfg. And Trading Co. Ltd.,Tier 2,Tier 1
Rosenbauer International AG,CATL,Tier 1,CATL
Ppg Coatings (Malaysia) Sdn Bhd,Vinfast . Mfg. And Trading Co. Ltd.,Tier 2,Tier 1
Neumayer Tekfor Rotenburg GmbH,Vinfast Trading And Production JSC,Tier 2,Tier 1
New Development ( Changchun) Auto Control System Co. Ltd.,Vinfast Trading And Production JSC,Tier 2,Tier 1
Mobase Electronics Co. Ltd.,Vinfast . Mfg. And Trading Co. Ltd.,Tier 2,Tier 1
Southco India Private,Vinfast Trading And Production Llc,Tier 2,Tier 1
Zhejiang Automobile Instrument Co. Ltd.,Vinfast . Mfg. And Trading Co. Ltd.,Tier 2,Tier 1
C+M Utescheny Spritzgiesstechnik Gm,Vinfast Trading And Production JSC,Tier 2,Tier 1
Ningbo Bocc Motor Technology Co. Ltd.,Vinfast . Mfg. And Trading Co. Ltd.,Tier 2,Tier 1
Zhang Yuan Zhuhai Daming Suzhou Fengongsi,Vinfast . Mfg. And Trading Co. Ltd.,Tier 2,Tier 1
Guangzhou Ruili Kormee Automotive Electronic Co. Ltd.,Vinfast . Mfg. And Trading Co. Ltd.,Tier 2,Tier 1
Full Service Relocation Inc.,CATL,Tier 1,CATL
Oge Biw Engineering Pte. Ltd.,Vinfast Trading And Production JSC,Tier 2,Tier 1
Continental Automotive Romania Srl,Vinfast Trading And Production JSC,Tier 2,Tier 1
Isgec Heavy Engineering Ltd.,Vinfast Trading And Production JSC,Tier 2,Tier 1
Gm Korea Co.,Vinfast . Mfg. And Trading Co. Ltd.,Tier 2,Tier 1
Marubeni Corporation (Tokb777),Vinfast Trading And Production JSC,Tier 2,Tier 1
Shanghai Pros Auto Cubing Technology Co. Ltd.,Vinfast Trading And Production JSC,Tier 2,Tier 1
Taizhou Huangyan Jmt Mould,Vinfast Trading And Production JSC,Tier 2,Tier 1
Rosenberger Interconnect India Private Ltd.,Vinfast Trading And Production Llc,Tier 2,Tier 1
Zf Drivetech (Jiaxing) Co. Ltd.,Vinfast Trading And Production JSC,Tier 2,Tier 1
Tropical Livestock Consultant,CATL,Tier 1,CATL
Behr Hella Thermocontrol India Pvt. Ltd.,Vinfast Trading And Production Llc,Tier 2,Tier 1
Fine Technix Co. Ltd.,Vinfast Trading And Production JSC,Tier 2,Tier 1
Leader Exp.,CATL,Tier 1,CATL
Hebei Cbies Automotive Parts Co. Ltd.,Vinfast . Mfg. And Trading Co. Ltd.,Tier 2,Tier 1
Saint Gobain Sekurit Automotive Glazing (Shanghai) Co. Ltd.,Vinfast Trading And Production JSC,Tier 2,Tier 1
Aapico Amata Co. Ltd.,Vinfast . Mfg. And Trading Co. Ltd.,Tier 1,Tier 1
Sixxon Precision Machinery Co. Ltd.,Vinfast . Mfg. And Trading Co. Ltd.,Tier 2,Tier 1
Shinry Technologies Co. Ltd.,Vinfast Trading And Production JSC,Tier 2,Tier 1
Rosenberger Electronic Co. (India) Private Ltd.,Vinfast Trading And Production Llc,Tier 2,Tier 1
Eaton Bussmann,Vinfast Trading And Production JSC,Tier 2,Tier 1
R&A Electronics Co. Ltd.,Vinfast Trading And Production JSC,Tier 2,Tier 1
Iee S.A,Vinfast Trading And Production JSC,Tier 2,Tier 1
Autoneum (Chongqing) Sound Proof Parts Co. Ltd. Taicang Branch,Vinfast . Mfg. And Trading Co. Ltd.,Tier 2,Tier 1
Guangzhou Tongda Auto Electric Co. Ltd.,Vinfast Trading And Production JSC,Tier 2,Tier 1
Avnet Asia Pte. Ltd.Co,Vinfast Trading And Production JSC,Tier 2,Tier 1
Dongguan Light Asia Intelligence Technology Co. Ltd.,Vinfast Trading And Production JSC,Tier 2,Tier 1
Dong Guan Mission Gauge & Fixture Co. Ltd.,Vinfast . Mfg. And Trading Co. Ltd.,Tier 2,Tier 1
Melrose International,CATL,Tier 1,CATL
Shinyang Metal Korea Co. Ltd.,Vinfast . Mfg. And Trading Co. Ltd.,Tier 2,Tier 1
Roechling Automotive Parts Suzhou Co. Ltd.,Vinfast Trading And Production JSC,Tier 2,Tier 1
Charng Sheng Machinery Industry Co.,CATL,Tier 1,CATL
Leren Technology Co. Ltd.,Vinfast Trading And Production JSC,Tier 2,Tier 1
Tricheer Telecommunication,Vinfast Trading And Production JSC,Tier 2,Tier 1
Tai Zhou Jing Chao Li Mould & Plastic Co. Ltd.,Vinfast . Mfg. And Trading Co. Ltd.,Tier 2,Tier 1
Pongpara Rubber Co. Ltd.,Vinfast Trading And Production JSC,Tier 2,Tier 1
Koyo Bearings North America,Vinfast Trading And Production JSC,Tier 2,Tier 1
H J Metal Craft Pvt. Ltd.,CATL,Tier 1,CATL
Guangxi Shengbaihui Electronics Co. Ltd.,Vinfast . Mfg. And Trading Co. Ltd.,Tier 2,Tier 1
Pha India Private Ltd.,Vinfast . Mfg. And Trading Co. Ltd.,Tier 2,Tier 1
Tme Systems Pte. Ltd.,Vinfast . Mfg. And Trading Co. Ltd.,Tier 2,Tier 1
Thansiv Exim Private Ltd.,Vinfast Trading And Production JSC,Tier 2,Tier 1
Avl Schrick GmbH,Vinfast Trading And Production JSC,Tier 2,Tier 1
Teq S.A.,Vinfast . Mfg. And Trading Co. Ltd.,Tier 2,Tier 1
Ykk Thailand,Vinfast . Mfg. And Trading Co. Ltd.,Tier 2,Tier 1
Leco Corporation,CATL,Tier 1,CATL
Classic Industries And Exp. Ltd.,CATL,Tier 1,CATL
Avnet Asia Pte. Ltd. Taiwan Branch,Vinfast . Mfg. And Trading Co. Ltd.,Tier 2,Tier 1
Jiangxi Dasen Technology Co. Ltd.,Vinfast . Mfg. And Trading Co. Ltd.,Tier 2,Tier 1
Fft Production Systems (Shanghai) Co. Ltd.,Vinfast . Mfg. And Trading Co. Ltd.,Tier 2,Tier 1
Ningbo Dingjia Auto Parts Co. Ltd.,Vinfast Trading And Production JSC,Tier 2,Tier 1
Tata Technologies Ltd.,Vinfast Trading And Production JSC,Tier 2,Tier 1
Freudenberg Sealing Technologie,Vinfast Trading And Production JSC,Tier 2,Tier 1
Shanghai Baolu Automobile Business Co . Ltd.,Vinfast . Mfg. And Trading Co. Ltd.,Tier 2,Tier 1
Jilin Hangsheng Electronics Co. Ltd.,Vinfast . Mfg. And Trading Co. Ltd.,Tier 2,Tier 1
Jbm Auto Ltd.,Vinfast Trading And Production JSC,Tier 2,Tier 1
Oni Warmetrafo GmbH,Vinfast . Mfg. And Trading Co. Ltd.,Tier 2,Tier 1
Cohline GmbH,Vinfast Trading And Production JSC,Tier 2,Tier 1
Payeplast Plastic Industry And Trade JSC,Vinfast Trading And Production JSC,Tier 2,Tier 1
Mahle Behr GmbH & Co.Kg,Vinfast Trading And Production JSC,Tier 2,Tier 1
Zf Automotive Systems Poland,Vinfast Trading And Production JSC,Tier 2,Tier 1
Texas Instruments Southeast Asia Pl,Vinfast . Mfg. And Trading Co. Ltd.,Tier 2,Tier 1
Facil Europe Bvba Ind,Vinfast Trading And Production JSC,Tier 2,Tier 1
Lectra,Vinfast Trading And Production JSC,Tier 2,Tier 1
Basementality Sdn Bhd,Vinfast Trading And Production JSC,Tier 2,Tier 1
Texon Vietnam Co. Ltd.,CATL,Tier 1,CATL
Cong Ty Tnhh Shinyang Metal Korea,Vinfast . Mfg. And Trading Co. Ltd.,Tier 2,Tier 1
Phylion Battery Co. Ltd.,Vinfast Trading And Production JSC,Tier 2,Tier 1
Yidebao Technology Development Co. Ltd.,Vinfast Trading And Production JSC,Tier 2,Tier 1
Woo Chang Precision Co. Ltd.,Vinfast . Mfg. And Trading Co. Ltd.,Tier 2,Tier 1
Kingfa Sci & Tech .Co. Ltd.,Vinfast Trading And Production JSC,Tier 2,Tier 1
S.C Mahle Componente De Motor Srl,Vinfast Trading And Production JSC,Tier 2,Tier 1
Gengrui,Vinfast Trading And Production JSC,Tier 2,Tier 1
Delloyd Industries (M) Sdn Bhd,Vinfast Trading And Production JSC,Tier 2,Tier 1
Boogook Industries Co. Ltd.,Vinfast Trading And Production JSC,Tier 2,Tier 1
Tianjin Dt Automation Science & Technology Co. Ltd.,Vinfast . Mfg. And Trading Co. Ltd.,Tier 2,Tier 1
Senmei Technology Co. Ltd.,CATL,Tier 1,CATL
We Components Pte,Vinfast . Mfg. And Trading Co. Ltd.,Tier 2,Tier 1
Ditas Dogan Yedekparca Imalat Veteknik JSC,Vinfast Trading And Production JSC,Tier 2,Tier 1
Liuzhou Hangsheng Technology Co. Ltd.,Vinfast . Mfg. And Trading Co. Ltd.,Tier 2,Tier 1
Amble Electronics Asia Ltd.,Vinfast Trading And Production JSC,Tier 2,Tier 1
Chinatool Projects (Uk) Ltd.,Vinfast Trading And Production JSC,Tier 2,Tier 1
Euratek Trading Pte,CATL,Tier 1,CATL
Jiangsu Yusheng Automobile Electronic Technology Co. Ltd.,Vinfast Trading And Production JSC,Tier 2,Tier 1
Posco,Vinfast Trading And Production JSC,Tier 2,Tier 1
Polyrub Cooper Standard Fts Pvt. Ltd.,Vinfast Trading And Production Llc,Tier 2,Tier 1
Oto Numune Otomotiv San. Ve Tic A.S,Vinfast Trading And Production JSC,Tier 2,Tier 1
Woco Tech Elastomere Noida Ltd.,Vinfast Trading And Production Llc,Tier 2,Tier 1
Huizhou Voir Science & Technlogy Co. Ltd.,Vinfast . Mfg. And Trading Co. Ltd.,Tier 2,Tier 1
Cas International,CATL,Tier 1,CATL
Armstrong Rubber & Chemical Products Co. Ltd.,Vinfast Trading And Production JSC,Tier 2,Tier 1
Shenzhen Tbit Technology Co. Ltd.,Vinfast . Mfg. And Trading Co. Ltd.,Tier 2,Tier 1
Sino Applied Technology Tw Co. Ltd.,Vinfast . Mfg. And Trading Co. Ltd.,Tier 2,Tier 1
Auto Links,CATL,Tier 1,CATL
Ningbo Depulong Automotive System Co. Ltd.,Vinfast . Mfg. And Trading Co. Ltd.,Tier 2,Tier 1
Havells India Ltd.,CATL,Tier 1,CATL
Vingroup USA Llc,Vinfast . Mfg. And Trading Co. Ltd.,Tier 2,Tier 1
Fores Elastomech India Private Ltd.,Vinfast Trading And Production Llc,Tier 2,Tier 1
Continental Automotive Brake Systems I Pvt. Ltd.,Vinfast Trading And Production JSC,Tier 2,Tier 1
Dynaimc Electronics (K.S) . Ltd.,Vinfast Trading And Production JSC,Tier 2,Tier 1
Tuv Rheinland (Suzhou) Co. Ltd.,Vinfast . Mfg. And Trading Co. Ltd.,Tier 2,Tier 1
Flexitech Automotive Mexico S De Rl De Cv,Vinfast Trading And Production Llc,Tier 2,Tier 1
Sri Manjunatha Crane Services,CATL,Tier 1,CATL
Motocube (Shanghai) Mobility Technology Co. Ltd.,Vinfast . Mfg. And Trading Co. Ltd.,Tier 2,Tier 1
Catarc Automotive Lnspection Center(Wuhan) Co. Ltd.,Vinfast Trading And Production JSC,Tier 2,Tier 1
Hanruijing Co. Ltd.,Vinfast . Mfg. And Trading Co. Ltd.,Tier 2,Tier 1
Anhui Leoch Power Supply Corp.,Vinfast Trading And Production JSC,Tier 2,Tier 1
Nantong Reshine New Material Co. Ltd.,Vinfast . Mfg. And Trading Co. Ltd.,Tier 2,Tier 1
Summit & Autoneum (Thailand) Co. Ltd.,Vinfast Trading And Production JSC,Tier 2,Tier 1
Linglian Auto Parts Mfg. (Shanghai) Co. Ltd.,Vinfast . Mfg. And Trading Co. Ltd.,Tier 2,Tier 1
Fibrosan Glass Reinforced Polyester San.Ve Tic. Inc. Co.,Vinfast Trading And Production Ltd. Liability Co.,Tier 2,Tier 1
Roechling Automotive Parts (Chengdu) Co. Ltd.,Vinfast Trading And Production JSC,Tier 2,Tier 1
Harrington Industries (Thailand),Vinfast Trading And Production JSC,Tier 2,Tier 1
Yiwu Shengqiao E Commerce Firm Ad,CATL,Tier 1,CATL
Asiaone Electronics Co. Ltd.,Vinfast . Mfg. And Trading Co. Ltd.,Tier 2,Tier 1
Arrow Electronics Taiwan,Vinfast Trading And Production JSC,Tier 2,Tier 1
Embed Ltd.,Vinfast Trading And Production JSC,Tier 2,Tier 1
Teryair Equipment Private Ltd.,CATL,Tier 1,CATL
Cong Ty Tnhh N.E.W Vietnam,Vinfast Trading And Production JSC,Tier 2,Tier 1
Ykk (Thailand) Co. Ltd.,Vinfast . Mfg. And Trading Co. Ltd.,Tier 2,Tier 1
Mouser Electronics,Vinfast Trading And Production JSC,Tier 2,Tier 1
Singapore Ryosan Pte. Ltd.,Vinfast Trading And Production JSC,Tier 2,Tier 1
Eng Dis Ticaret Ve Automotive Industry Ltd.Sti.,Vinfast Trading And Production Ltd. Liability Co.,Tier 2,Tier 1
Ace Antenna Co. Ltd.,Vinfast . Mfg. And Trading Co. Ltd.,Tier 2,Tier 1
Interpampas. Com,CATL,Tier 1,CATL
Posco International Corporation,Vinfast Trading And Production JSC,Tier 2,Tier 1
Zf Friedrichshafen AG,Vinfast Trading And Production JSC,Tier 2,Tier 1
Federal Mogul Friction Products,Vinfast Trading And Production JSC,Tier 2,Tier 1
Nemak Gyor Aluminiumontode Kft,Vinfast Trading And Production JSC,Tier 2,Tier 1
Summit & Autoneum (Thailan) Co. Ltd.,Vinfast Trading And Production JSC,Tier 2,Tier 1
Lord Thailand,Vinfast Trading And Production JSC,Tier 2,Tier 1
Digi Key Electronics,Vinfast Trading And Production JSC,Tier 2,Tier 1
Syndicate Wiper System P Ltd.,Vinfast Trading And Production JSC,Tier 2,Tier 1
Joyson Safety Systems,Vinfast . Mfg. And Trading Co. Ltd.,Tier 2,Tier 1
Cong Ty Tnhh Texon Vietnam,CATL,Tier 1,CATL
Qh Talbros Pvt. Ltd.,Vinfast Trading And Production Llc,Tier 2,Tier 1
Oymak Otomotiv Sanayi Ve Ticaret A.S.,Vinfast Trading And Production JSC,Tier 2,Tier 1
Rp Group Ltd.,Vinfast Trading And Production JSC,Tier 2,Tier 1
Mobile Control Systems SA,Vinfast Trading And Production JSC,Tier 2,Tier 1
Luxor Lighting S.A.S.,Vinfast Trading And Production JSC,Tier 2,Tier 1
Skf GmbH,Vinfast Trading And Production JSC,Tier 2,Tier 1
Fev Tr Otomotiv Ve Enerji Arastirma Ve Muhendislik Ltd.,Vinfast Trading And Production JSC,Tier 2,Tier 1
Kns Otomotiv Sanayi Ve Ticaret A.S,Vinfast Trading And Production JSC,Tier 2,Tier 1
Knorr Bremse Asia Pacific (Holding) Ltd.,Vinfast Trading And Production JSC,Tier 2,Tier 1
Lucky Land Holdings Ltd.,Vinfast . Mfg. And Trading Co. Ltd.,Tier 2,Tier 1
Ningbo Nide Mechanical Equipment Co. Ltd.,Vinfast . Mfg. And Trading Co. Ltd.,Tier 2,Tier 1
Shanghai Shining Automotive Electronics Co. Ltd.,Vinfast Trading And Production JSC,Tier 2,Tier 1
Itw India Private Ltd.,Vinfast Trading And Production JSC,Tier 2,Tier 1
Ada Lastik Kaucuk Tic. San. Ltd.Sti,Vinfast Trading And Production JSC,Tier 2,Tier 1
Feilong Auto Components Co. Ltd.,Vinfast . Mfg. And Trading Co. Ltd.,Tier 2,Tier 1
Shin Tech Longfine (Shanghai) Automotive Electronics Co. Ltd.,Vinfast Trading And Production JSC,Tier 2,Tier 1
Smart Smyth,CATL,Tier 1,CATL
Orbit Fastener Co. Ltd.,Vinfast Trading And Production JSC,Tier 2,Tier 1
Gg Cables And Wires (Shenyang) Co. Ltd.,Vinfast Trading And Production JSC,Tier 2,Tier 1
Qili Power Supply Co. Ltd.,Vinfast Trading And Production JSC,Tier 2,Tier 1
Aditya Auto Products & Engineering (India) Pvt. Ltd.,Vinfast Trading And Production JSC,Tier 2,Tier 1
Smith Associates,Vinfast Trading And Production JSC,Tier 2,Tier 1
Patron Cattle Co S.P.R. De R.L. De C.V.,CATL,Tier 1,CATL
Advanced Nano Products Co. Ltd.,Vinfast Trading And Production JSC,Tier 2,Tier 1
Teknorot Otom.Ur.San.Ve.Tic.A.S,Vinfast Trading And Production JSC,Tier 2,Tier 1
Lechamp (South Easr Asia) Pte. Ltd.,Vinfast Trading And Production JSC,Tier 2,Tier 1
Apollo Tyres Ltd.,CATL,Tier 1,CATL
Guileen International Enterprise Ltd.,CATL,Tier 1,CATL
Chongqing Guangda Industrial Co. Ltd.,Vinfast . Mfg. And Trading Co. Ltd.,Tier 2,Tier 1
Cong Ty Tnhh Cong Nghiep Fancy Vietnam,Vinfast . Mfg. And Trading Co. Ltd.,Tier 2,Tier 1
Etimex Technical Components GmbH,Vinfast Trading And Production JSC,Tier 2,Tier 1
Mobase Electronics Co. Ltd. (R&D Center),Vinfast Trading And Production JSC,Tier 2,Tier 1
Changshu Changchun Automotive Parts Co. Ltd.,Vinfast Trading And Production JSC,Tier 2,Tier 1
Magna Presstec AG,Vinfast Trading And Production JSC,Tier 2,Tier 1
Richardson Electronics Pte,Vinfast . Mfg. And Trading Co. Ltd.,Tier 2,Tier 1
Great Foam Products Co. Ltd.,Vinfast . Mfg. And Trading Co. Ltd.,Tier 2,Tier 1
Btr New Materials Group Co. Ltd.,Vinfast Trading And Production JSC,Tier 2,Tier 1
Lead Show Electronics Ltd.,Vinfast . Mfg. And Trading Co. Ltd.,Tier 2,Tier 1
Continental Temic Electronics (Phils.) Inc.,Vinfast Trading And Production JSC,Tier 2,Tier 1
Zhuhaienpower Electric Co. Ltd.,Vinfast . Mfg. And Trading Co. Ltd.,Tier 2,Tier 1
Future Electronics Inc. (Distribution) Pte . Ltd.,Vinfast Trading And Production JSC,Tier 2,Tier 1
Arrow Electronic Asia S Pte,Vinfast Trading And Production JSC,Tier 2,Tier 1
Hesai Technology Co. Ltd.,Vinfast Trading And Production JSC,Tier 2,Tier 1
Industrias Del Recambio India Private Ltd.,Vinfast Trading And Production Llc,Tier 2,Tier 1
Liaoning Yimeng Ziwang Carpet Co. Ltd.,Vinfast Trading And Production JSC,Tier 2,Tier 1
Wuhan Tqm Zhixin Motor Dies Co.,Vinfast . Mfg. And Trading Co. Ltd.,Tier 2,Tier 1
Vinayak Trading Co.,CATL,Tier 1,CATL
Dsa Daten Und Systemtechnik GmbH,Vinfast Trading And Production JSC,Tier 2,Tier 1
Daihan Calsonic Corp.,Vinfast . Mfg. And Trading Co. Ltd.,Tier 2,Tier 1
Qin Xuan Automotive Technology,Vinfast Trading And Production JSC,Tier 2,Tier 1
Ebay,CATL,Tier 1,CATL
Minth International Macao Commercial Offshore Ltd.,Vinfast Trading And Production JSC,Tier 2,Tier 1
Valeo Autosystemy Sp. Z O.O.,Vinfast Trading And Production JSC,Tier 2,Tier 1
Texas Instruments Korea Hongkong Br,Vinfast Trading And Production JSC,Tier 2,Tier 1
Sanden Automotive Systems Singapore,Vinfast Trading And Production JSC,Tier 2,Tier 1
Topia Sg Pte. Ltd.,Vinfast . Mfg. And Trading Co. Ltd.,Tier 2,Tier 1
Ster Koltuk Sistemleri San Ve Tic A,Vinfast Trading And Production JSC,Tier 2,Tier 1
Itw Global Tire Repair Europe GmbH,Vinfast . Mfg. And Trading Co. Ltd.,Tier 2,Tier 1
Zf Services (China) Co. Ltd.,Vinfast . Mfg. And Trading Co. Ltd.,Tier 2,Tier 1
Fagor Metalforming Machine Tool (Kunshan) Co. Ltd.,Vinfast Trading And Production JSC,Tier 2,Tier 1
Zhejiang Meili High Technology Co.,Vinfast . Mfg. And Trading Co. Ltd.,Tier 2,Tier 1
Dongguan Poweramp Technology Ltd.,CATL,Tier 1,CATL
Auria Solutions GmbH,Vinfast Trading And Production JSC,Tier 2,Tier 1
L F Co. Ltd.,Vinfast Trading And Production JSC,Tier 2,Tier 1
"Future Electronics Inc.,(Distribution) Pte. Ltd.",Vinfast Trading And Production JSC,Tier 2,Tier 1
Facil Europe BV,Vinfast Trading And Production JSC,Tier 2,Tier 1
Macnica Cytech Pte. Ltd.,Vinfast Trading And Production JSC,Tier 2,Tier 1
Yangzhou Finway Energy Tech Co. Lt,CATL,Tier 1,CATL
Beeswift Ltd.,Vinfast . Mfg. And Trading Co. Ltd.,Tier 2,Tier 1
Ewm GmbH,CATL,Tier 1,CATL
Yepsan Yedek Parca Industry And Trade JSC,Vinfast Trading And Production JSC,Tier 2,Tier 1
Ningbo Tuopu Vibbo Acousti,CATL,Tier 1,CATL
Panasonic Industrial Devices Vietnam Co. Ltd.,Vinfast Trading And Production JSC,Tier 2,Tier 1
Southeast Asia Seafood Imp. Exp. Co. Ltd.,CATL,Tier 1,CATL
Vinfast Auto Canada Inc.,Vinfast . Mfg. And Trading Co. Ltd.,Tier 2,Tier 1
Freudenberg S.A.S.,Vinfast Trading And Production Llc,Tier 2,Tier 1
Tata Elxsi Ltd.,Vinfast Trading And Production JSC,Tier 2,Tier 1
Facil Europe BV Ind,Vinfast Trading And Production JSC,Tier 2,Tier 1
Patech,Vinfast Trading And Production JSC,Tier 2,Tier 1
Plc Surplus Supply,Vinfast Trading And Production JSC,Tier 2,Tier 1
Chevrolet Sales (Thailand) Ltd.,Vinfast Trading And Production JSC,Tier 2,Tier 1
Wuxi Ming Fang Automobile Parts Industry Co. Ltd.,Vinfast . Mfg. And Trading Co. Ltd.,Tier 2,Tier 1
Dongguan Qili Power Electronics Co. Ltd.,Vinfast Trading And Production JSC,Tier 2,Tier 1
Xcellent Manufactring (Thailand) Co.,Vinfast Trading And Production JSC,Tier 2,Tier 1
Shanghai Mks Material Technology Co. Ltd.,Vinfast . Mfg. And Trading Co. Ltd.,Tier 2,Tier 1
Wcs Mexico S De Rl De Cv,Vinfast Trading And Production JSC,Tier 2,Tier 1
Vietnam Cnc & Technology Application JSC,Vinfast Trading And Production Llc,Tier 2,Tier 1
Facil Thailand,Vinfast . Mfg. And Trading Co. Ltd.,Tier 2,Tier 1
Shenzhen Autoequips Tech Co. Ltd.,Vinfast . Mfg. And Trading Co. Ltd.,Tier 2,Tier 1
Berrang Se,Vinfast . Mfg. And Trading Co. Ltd.,Tier 2,Tier 1
Ti Automotive (Thailand) Ltd.,Vinfast Trading And Production JSC,Tier 2,Tier 1
Rayhoo Motor Dies Co. Ltd.,Vinfast Trading And Production JSC,Tier 2,Tier 1
Jiangmen Jinluo Imp. & Exp. . Co. Ltd.,CATL,Tier 1,CATL
Continental Automotive Technologies GmbH,Vinfast . Mfg. And Trading Co. Ltd.,Tier 2,Tier 1
Bosch Global Software Technologies Private Li,Vinfast Trading And Production JSC,Tier 2,Tier 1
Ltd. Otomotiv Tic.A.S.,Vinfast Trading And Production JSC,Tier 2,Tier 1
Zf Group Co. Ltd.,Vinfast Trading And Production JSC,Tier 2,Tier 1
Hongkong Aivee International Technology,CATL,Tier 1,CATL
Xiaodao Electric Vehicle Co. Ltd.,Vinfast . Mfg. And Trading Co. Ltd.,Tier 2,Tier 1
Tricheer (Huizhou) Electronic Technology Co. Ltd.,Vinfast Trading And Production JSC,Tier 2,Tier 1
Wuhan Huasen Plastic Co. Ltd.,Vinfast . Mfg. And Trading Co. Ltd.,Tier 2,Tier 1
Dayou Ep Co. Ltd.,Vinfast Trading And Production JSC,Tier 2,Tier 1
Hubei Hapm Magna Seating Systems Co. Ltd.,Vinfast Trading And Production JSC,Tier 2,Tier 1
Unique Sound Co. Ltd.,Vinfast Trading And Production JSC,Tier 2,Tier 1
Ningbo Minda Smart Mobility Auto Parts Co. Ltd.,Vinfast Trading And Production JSC,Tier 2,Tier 1
Camelot HK Pcb Co.,Vinfast Trading And Production JSC,Tier 2,Tier 1
ZF Friedrichshafen AG,Vinfast Trading And Production JSC,Tier 2,Tier 1
Richpeace Ai Co. Ltd.,Vinfast Trading And Production JSC,Tier 2,Tier 1
Daejoo Electronic Materials Co. Ltd.,Vinfast Trading And Production JSC,Tier 2,Tier 1
Hoffmann GmbH Maschinenbau,Vinfast Trading And Production JSC,Tier 2,Tier 1
Hutchinson Wuhan Automotive Rubber Products Co. Ltd.,Vinfast Trading And Production JSC,Tier 2,Tier 1
Farco International Co. Ltd.,Vinfast . Mfg. And Trading Co. Ltd.,Tier 2,Tier 1
Suzhou Fanglin Technology,Vinfast Trading And Production JSC,Tier 2,Tier 1
Alfa Rubber And Springs Private Ltd.,Vinfast Trading And Production Ltd. Liability Co.,Tier 2,Tier 1
Ningbo Minda Zhixing Auto Parts Co. Ltd.,Vinfast Trading And Production JSC,Tier 2,Tier 1
Precision Automation Robotics India Ltd.,Vinfast . Mfg. And Trading Co. Ltd.,Tier 2,Tier 1
Texas Instruments Sgp,Vinfast Trading And Production JSC,Tier 2,Tier 1
Dynamic Electronics (K.S) Co. Ltd.,Vinfast Trading And Production JSC,Tier 2,Tier 1
Karl Berrang GmbH,Vinfast Trading And Production JSC,Tier 2,Tier 1
Solvay Specialty Chemicals,Vinfast Trading And Production JSC,Tier 2,Tier 1
Vip International Trading Ltd.,Vinfast Trading And Production JSC,Tier 2,Tier 1
Meiko Electronics Vietnam,Vinfast . Mfg. And Trading Co. Ltd.,Tier 2,Tier 1
Neelkanth Overseas,CATL,Tier 1,CATL
Youngmin Hi Tech,Vinfast . Mfg. And Trading Co. Ltd.,Tier 2,Tier 1
Panama Integrated Solutions Co.,CATL,Tier 1,CATL
Shanghai Benling Scroll Compressor,Vinfast . Mfg. And Trading Co. Ltd.,Tier 2,Tier 1
Shanghai Tricheer Technology Co. Ltd.,Vinfast . Mfg. And Trading Co. Ltd.,Tier 2,Tier 1
Euwe Eugen Wexler GmbH & Co Kg Vertriebsgesellschaft,Vinfast Trading And Production JSC,Tier 2,Tier 1
Ningbo Minth Automotive Parts Research&Development Co. Ltd.,Vinfast Trading And Production JSC,Tier 2,Tier 1
Katcon(Xiangtan) Emission Control Systems Co. Ltd.,Vinfast Trading And Production JSC,Tier 2,Tier 1
Cong Ty Tnhh Texon Semiconduct Technology,CATL,Tier 1,CATL
Eberspacher Automotive Technology (Beijing) Co. Ltd. Tianjin Branch,Vinfast Trading And Production JSC,Tier 2,Tier 1
Zhejiang Shenghuabo Electric Applia,Vinfast . Mfg. And Trading Co. Ltd.,Tier 2,Tier 1
Kumho Tire Co. Inc.,Vinfast Trading And Production JSC,Tier 2,Tier 1
Shin Tech Longfine (Shanghai) Automotive Electronic Co. Ltd.,Vinfast . Mfg. And Trading Co. Ltd.,Tier 2,Tier 1
Shanghai Jima Industrial Co. Ltd.,Vinfast Trading And Production JSC,Tier 2,Tier 1
Kaufmann S A Vehiculos Motorizados,CATL,Tier 1,CATL
Wanbang Digital Energy Co. Ltd.,Vinfast . Mfg. And Trading Co. Ltd.,Tier 2,Tier 1
Zhejiang VIE Science & Technology Co. Ltd.,Vinfast . Mfg. And Trading Co. Ltd.,Tier 2,Tier 1
Trumony Aluminum Ltd.,Vinfast Trading And Production JSC,Tier 2,Tier 1
Sea Trade International Transportat,CATL,Tier 1,CATL
Sino Faith Technology Development Ltd.,Vinfast . Mfg. And Trading Co. Ltd.,Tier 2,Tier 1
Tonglu Kaiji Trading,Vinfast Trading And Production JSC,Tier 2,Tier 1
Somic Zf Components Private Ltd.,Vinfast Trading And Production Llc,Tier 2,Tier 1
Keb Automation Kg,Vinfast Trading And Production JSC,Tier 2,Tier 1
Ebz Systec,Vinfast Trading And Production JSC,Tier 2,Tier 1
Leeman International (Hongkong) Ltd.,Vinfast Trading And Production JSC,Tier 2,Tier 1
Hunan Fu'an Industrial Co. Ltd.,Vinfast Trading And Production JSC,Tier 2,Tier 1
Alpin Kimya Industry And Trade JSC,Vinfast Trading And Production Llc,Tier 2,Tier 1
Arslan Sunger Ve Plastik San.Tic. Ltd.Sti,Vinfast Trading And Production Ltd. Liability Co.,Tier 2,Tier 1
Huizhou Greetech Electronics Co. Ltd.,Vinfast Trading And Production JSC,Tier 2,Tier 1
Oge Biw Engineering Pte. Ltd.,Vinfast . Mfg. And Trading Co. Ltd.,Tier 2,Tier 1
Continental Automotive Romania Srl,Vinfast . Mfg. And Trading Co. Ltd.,Tier 2,Tier 1
Cerexpo Srl .,Vinfast Trading And Production JSC,Tier 2,Tier 1
A. Raymond Singapore Pte. Ltd.,Vinfast Trading And Production JSC,Tier 2,Tier 1
Excelpoint Systems Pte,Vinfast Trading And Production JSC,Tier 2,Tier 1
Huf India Pvt. Ltd.,Vinfast Trading And Production JSC,Tier 2,Tier 1
Lsp Technology Pte. Ltd.,Vinfast Trading And Production JSC,Tier 2,Tier 1
Shanghai Pros Auto Cubing Technology Co. Ltd.,Vinfast . Mfg. And Trading Co. Ltd.,Tier 2,Tier 1
Taizhou Huangyan Jmt Mould,Vinfast . Mfg. And Trading Co. Ltd.,Tier 2,Tier 1
Element14 Pte,Vinfast . Mfg. And Trading Co. Ltd.,Tier 2,Tier 1
Lanxess India Private Limited,CATL,Tier 1,CATL
Suspa Pneumatics India Private Ltd.,Vinfast Trading And Production JSC,Tier 2,Tier 1
Atlas Copco Thailand,Vinfast Trading And Production JSC,Tier 2,Tier 1
Teijin Frontier (Hongkong) Ltd.,Vinfast Trading And Production JSC,Tier 2,Tier 1
Shinry Technologies Co. Ltd.,Vinfast . Mfg. And Trading Co. Ltd.,Tier 2,Tier 1
Ppg Asian Paints Private Ltd.,Vinfast Trading And Production Llc,Tier 2,Tier 1
Aptiv Electric Systems Co. Ltd. Jingzhou Branch,Vinfast Trading And Production JSC,Tier 2,Tier 1
Vinfast Trading And Production JSC,Fev Tr Automotive And Energy Research And Engineering Ltd. Co.,Tier 1,Tier 1
Unio Parts I Components S.A.,Vinfast Trading And Production JSC,Tier 2,Tier 1
Pi Innovo Llc,Vinfast Trading And Production JSC,Tier 2,Tier 1
Somic Zf Components Private Ltd.,Vinfast Trading And Production Ltd. Liability Co.,Tier 2,Tier 1
Vision Automotive Technology (Thailand) Co. Ltd.,Vinfast Trading And Production JSC,Tier 2,Tier 1
Zhejiang Sitis Technology Co. Ltd.,Vinfast Trading And Production JSC,Tier 2,Tier 1
Cong Ty Tnhh Tokyo Byokane Vietnam,Vinfast . Mfg. And Trading Co. Ltd.,Tier 2,Tier 1
Ningbo Wheelsky Co. Ltd.,Vinfast . Mfg. And Trading Co. Ltd.,Tier 2,Tier 1
Leren Technology Co. Ltd.,Vinfast . Mfg. And Trading Co. Ltd.,Tier 2,Tier 1
Pongpara Rubber Co. Ltd.,Vinfast . Mfg. And Trading Co. Ltd.,Tier 2,Tier 1
Ppg Coatings (Malaysia) Sdn.Bhd.,Vinfast . Mfg. And Trading Co. Ltd.,Tier 2,Tier 1
Zhuahi Inpower Electric,Vinfast Trading And Production JSC,Tier 2,Tier 1
Al Mohra Veterinary Medicine And Equipment Llc,CATL,Tier 1,CATL
Suprajit Automotive Private Ltd.,Vinfast Trading And Production JSC,Tier 2,Tier 1
Wenzhou Soush Imp.&Exp. Trade Co. Ltd.,Vinfast . Mfg. And Trading Co. Ltd.,Tier 2,Tier 1
Jiangxi Blue Driver New Energy Technology Co. Ltd.,Vinfast Trading And Production JSC,Tier 2,Tier 1
Mando Suzhou Chassis System Co. Ltd.,Vinfast Trading And Production JSC,Tier 2,Tier 1
Gotion Inc.,Vinfast Trading And Production JSC,Tier 2,Tier 1
S. Right Tight Fastners Pvt. . Ltd.,Vinfast Trading And Production JSC,Tier 2,Tier 1
Precision Automation And Robotics India Private Li,Vinfast Trading And Production Llc,Tier 2,Tier 1
Oke Plastic (Zhangjiagang) Co. Ltd.,Vinfast Trading And Production JSC,Tier 2,Tier 1
Fives Landis Ltd.,Vinfast . Mfg. And Trading Co. Ltd.,Tier 2,Tier 1
Benecke Changshun Eco Trim (Changzhou) Co. Ltd.,Vinfast Trading And Production JSC,Tier 2,Tier 1
Anhui Jianan Chassis System Ltd. Liability Co.,Vinfast . Mfg. And Trading Co. Ltd.,Tier 2,Tier 1
Sdaac Automotive Air Conditioning,Vinfast Trading And Production JSC,Tier 2,Tier 1
Mtm Auto Parts (Shanghai) Co. Ltd.,Vinfast Trading And Production JSC,Tier 2,Tier 1
Tly Service Technology,CATL,Tier 1,CATL
Aptiv Malaysia Sdn Bhd,Vinfast Trading And Production JSC,Tier 2,Tier 1
Jiangsu Jiahe Thermal Systems Inc.,Vinfast Trading And Production JSC,Tier 2,Tier 1
Ningbo New Huatai Plastics Electric Appliance Co. Ltd.,Vinfast . Mfg. And Trading Co. Ltd.,Tier 2,Tier 1
Zhejiang Shuanghuan Driveline Co.,Vinfast Trading And Production JSC,Tier 2,Tier 1
Iee(Lanfang) Electronics&Engineering Co. Ltd.,Vinfast Trading And Production JSC,Tier 2,Tier 1
Top Level Launch Automotive Technology (Liaoning) Co. Ltd.,Vinfast . Mfg. And Trading Co. Ltd.,Tier 2,Tier 1
Clarios (Shanghai) Co. Management Co. Ltd.,Vinfast Trading And Production JSC,Tier 2,Tier 1
Medtronic Mervue,Vinfast . Mfg. And Trading Co. Ltd.,Tier 2,Tier 1
Hebei Longgu Auto Parts Imp.&Exp.,Vinfast Trading And Production JSC,Tier 2,Tier 1
Motif Engineers Privated Ltd.,CATL,Tier 1,CATL
Changzhou Machinery And Equipment Import And Export Co. Ltd.,CATL,Tier 1,CATL
Kautex Textron GmbH & Co.Kg,Vinfast Trading And Production JSC,Tier 2,Tier 1
Langfang Great Wall Automotive Trim Co. Ltd.,Vinfast . Mfg. And Trading Co. Ltd.,Tier 2,Tier 1
Nantong Tongrun Auto Accesory,Vinfast Trading And Production JSC,Tier 2,Tier 1
Hella Bhap Automotive Lighting Co. Ltd.,Vinfast Trading And Production JSC,Tier 2,Tier 1
Jian'an Chassis Co. Ltd.,Vinfast . Mfg. And Trading Co. Ltd.,Tier 2,Tier 1
Avnet Asia Pte. Ltd.,Vinfast Trading And Production JSC,Tier 2,Tier 1
Sundram Fasteners Ltd.,Vinfast Trading And Production Llc,Tier 2,Tier 1
Amble Electronics Asia Ltd.,Vinfast . Mfg. And Trading Co. Ltd.,Tier 2,Tier 1
Payton Planar Magnetics Ltd.,Vinfast Trading And Production JSC,Tier 2,Tier 1
Quadrep Marketing (S) Pte. Ltd.,Vinfast Trading And Production JSC,Tier 2,Tier 1
PT . Aptiv Components Indonesia,Vinfast Trading And Production JSC,Tier 2,Tier 1
Lenso Wheel Co. Ltd.,Vinfast Trading And Production JSC,Tier 2,Tier 1
Continental Automotive Interior (Wuhu) Co. Ltd.,Vinfast Trading And Production JSC,Tier 2,Tier 1
Oto Numune Otomotiv San. Ve Tic A.S,Vinfast . Mfg. And Trading Co. Ltd.,Tier 2,Tier 1
Tata Autocomp Systems Ltd. Interiors & Plastics Division,Vinfast Trading And Production JSC,Tier 2,Tier 1
Le Champ (South East Asia) Ptr Ltd.,Vinfast Trading And Production JSC,Tier 2,Tier 1
Shyu Fuu Industrial Co. Ltd.,Vinfast . Mfg. And Trading Co. Ltd.,Tier 2,Tier 1
Zhejiang Xinjing Air Conditioning,Vinfast Trading And Production JSC,Tier 2,Tier 1
Fluence Energy (Pty) Ltd.,CATL,Tier 1,CATL
Armstrong Rubber & Chemical Products Co. Ltd.,Vinfast . Mfg. And Trading Co. Ltd.,Tier 2,Tier 1
Aumann Beelen GmbH,Vinfast . Mfg. And Trading Co. Ltd.,Tier 2,Tier 1
Faurecia Interior Systems,Vinfast Trading And Production JSC,Tier 2,Tier 1
Sunlord Electronics Technologypte Ltd.,Vinfast . Mfg. And Trading Co. Ltd.,Tier 2,Tier 1
Toyota Tsusho Asia Pacific Pte. Ltd.,Vinfast . Mfg. And Trading Co. Ltd.,Tier 2,Tier 1
Hongfa Electroacoustic (Hongkong) Co. Ltd.,Vinfast Trading And Production JSC,Tier 2,Tier 1
Apollo Tyres Hungary,CATL,Tier 1,CATL
Essys Co. Ltd.,Vinfast Trading And Production JSC,Tier 2,Tier 1
Dynamic Source (S) Pte. Ltd.,Vinfast Trading And Production JSC,Tier 2,Tier 1
Avl List GmbH,Vinfast Trading And Production JSC,Tier 2,Tier 1
Albert Handtmann Metallgusswerk,Vinfast Trading And Production JSC,Tier 2,Tier 1
Smith & Associates,Vinfast Trading And Production JSC,Tier 2,Tier 1
Zf Lemforder Aks Modules Sanayi Vetic. Inc. Co.,Vinfast Trading And Production Ltd. Liability Co.,Tier 2,Tier 1
Liaoning Yimeng Ziwang Carpet,Vinfast Trading And Production JSC,Tier 2,Tier 1
Pls Programmierbare Logik & Systeme GmbH,Vinfast Trading And Production JSC,Tier 2,Tier 1
Anhui Nanke Electronic Holding Group Co. Ltd.,Vinfast . Mfg. And Trading Co. Ltd.,Tier 2,Tier 1
K.D. Feddersen (Thailand) Co. Ltd.,Vinfast Trading And Production JSC,Tier 2,Tier 1
Hellermann Tyton Pte. Ltd.,Vinfast Trading And Production JSC,Tier 2,Tier 1
Zf Automotive Germany GmbH,Vinfast Trading And Production JSC,Tier 2,Tier 1
Mobase Precision Co. Ltd.,Vinfast Trading And Production JSC,Tier 2,Tier 1
Texas Instruments China Sales,Vinfast Trading And Production JSC,Tier 2,Tier 1
Huf India Private Ltd.,Vinfast Trading And Production JSC,Tier 2,Tier 1
Art Elektromechanik Vertriebs GmbH,Vinfast Trading And Production JSC,Tier 2,Tier 1
Chongqing Surpass Auto Parts Co. Ltd.,Vinfast Trading And Production JSC,Tier 2,Tier 1
Valeo North America Inc.,Vinfast Trading And Production JSC,Tier 2,Tier 1
Capxon Electronic Shenzhen Co. Ltd.,Vinfast . Mfg. And Trading Co. Ltd.,Tier 2,Tier 1
Dongwha Electrolyte Co. Ltd.,Vinfast . Mfg. And Trading Co. Ltd.,Tier 2,Tier 1
Matched Optoelectronics Technology (Shanghai) Co. Ltd.,Vinfast Trading And Production JSC,Tier 2,Tier 1
Jiangsu Namyang Nexmo Autoparts Co. Ltd.,Vinfast Trading And Production JSC,Tier 2,Tier 1
Tbp Tovarna Bovdenov In Plastike D.D,Vinfast Trading And Production JSC,Tier 2,Tier 1
Lahrimn Traders,CATL,Tier 1,CATL
Liaoning Dide Technology Co. Ltd.,Vinfast Trading And Production JSC,Tier 2,Tier 1
Future Electronics,Vinfast Trading And Production JSC,Tier 2,Tier 1
Xingyu Auto Parts Inc.,Vinfast Trading And Production JSC,Tier 2,Tier 1
Dsa China Electronic Technology Co. Ltd.,Vinfast . Mfg. And Trading Co. Ltd.,Tier 2,Tier 1
Kamax S.R.O.,Vinfast Trading And Production JSC,Tier 2,Tier 1
Zhejiang Hangtong Machinery Mfg. Co. Ltd.,Vinfast Trading And Production JSC,Tier 2,Tier 1
Shenzhen Basen Technologies Co.,CATL,Tier 1,CATL
Cong Ty Tnhh N.E.W Vietnam,Vinfast . Mfg. And Trading Co. Ltd.,Tier 2,Tier 1
Mouser Electronics,Vinfast . Mfg. And Trading Co. Ltd.,Tier 2,Tier 1
Nittoku Co. Ltd.,Vinfast . Mfg. And Trading Co. Ltd.,Tier 2,Tier 1
Posco International Corporation,Vinfast . Mfg. And Trading Co. Ltd.,Tier 2,Tier 1
Federal Mogul Friction Products,Vinfast . Mfg. And Trading Co. Ltd.,Tier 2,Tier 1
Element 14 Pte. Ltd.,Vinfast Trading And Production JSC,Tier 2,Tier 1
